,Id,Symbol,Name,Image,Current_Price,Market_Cap,Market_Cap_Rank,Fully_Diluted_Valuation,Total_Volume,High_24H,Low_24H,Price_Change_24H,Price_Change_Percentage_24H,Market_Cap_Change_24H,Market_Cap_Change_Percentage_24H,Circulating_Supply,Total_Supply,Max_Supply,Ath,Ath_Change_Percentage,Ath_Date,Atl,Atl_Change_Percentage,Atl_Date,Last_Updated
0,Bitcoin,BTC,Bitcoin,['https://coin-images.coingecko.com/coins/images/1/large/bitcoin.png?1696501400'],79432.0,1594661496104,1.0,1594665228295.0,34419495159.0,79701.0,77666.0,1029.71,1.3154,20238015827.0,1.28542,20081793.0,20081850.0,21000000.0,126080.0,-36.99871,2025-10-06 10:57:42+00:00,67.81,117040.73531,2013-07-05 16:00:00+00:00,2026-09-09T12:31:20.000Z
1,Ethereum,ETH,Ethereum,['https://coin-images.coingecko.com/coins/images/279/large/ethereum.png?1696501628'],2502.79,305240714224,2.0,305240714224.0,12201044134.0,2521.51,2442.98,28.48,1.2119,3301476616.0,1.09342,122032627.13795824,122032627.1379582,1000000000.0,4946.05,-49.39815,2025-08-24 11:21:03+00:00,0.432979,577940.27217,2015-10-19 16:00:00+00:00,2026-09-09T12:31:20.000Z
2,Tether,USDT,Tether,['https://coin-images.coingecko.com/coins/images/325/large/Tether.png?1696501661'],0.99978,183426208640,3.0,188892141754.0,53103930961.0,0.999995,0.99953,0.0001931,0.0219,63360090.0,0.03455,183460193480.14197,188927139311.3062,1000000000.0,1.32,-24.43626,2018-07-23 16:00:00+00:00,0.572521,74.6277,2015-03-01 16:00:00+00:00,2026-09-09T12:31:20.000Z
3,Binancecoin,BNB,BNB,['https://coin-images.coingecko.com/coins/images/825/large/bnb-icon2_2x.png?1696501970'],750.09,99858541066,4.0,99858540218.0,935099840.0,757.36,742.69,-1.416582840592696,-0.20175,-212877509.67826843,-0.21273,133161372.99,133161358.02,200000000.0,1369.99,-45.24875,2025-10-13 00:41:24+00:00,0.0398177,1883704.31322,2017-10-18 16:00:00+00:00,2026-09-09T12:31:20.000Z
4,Ripple,XRP,XRP,['https://coin-images.coingecko.com/coins/images/44/large/xrp-symbol-white-128.png?1696501442'],1.43,89810096095,5.0,143115621874.0,2659611719.0,1.45,1.38,0.03651166,2.61978,2200494267.0,2.5117,62744504852.0,99985627691.0,100000000000.0,3.65,-60.70613,2025-07-17 19:40:53+00:00,0.00268621,53239.26511,2014-05-21 16:00:00+00:00,2026-09-09T12:31:20.000Z
5,Usd-Coin,USDC,USDC,['https://coin-images.coingecko.com/coins/images/6319/large/USDC.png?1769615602'],0.999904,74348132549,6.0,74361313314.0,14986433553.0,1.0,0.999741,0.00010612,0.01322,130792770.0,0.17623,74352578815.13486,74352274297.58723,1000000000.0,1.043,-4.1746,2018-11-14 16:00:00+00:00,0.877647,13.93015,2023-03-11 00:02:13+00:00,2026-09-09T12:31:20.000Z
6,Solana,SOL,Solana,['https://coin-images.coingecko.com/coins/images/4128/large/solana.png?1718769756'],104.49,61208430458,7.0,66166309793.0,2839989684.0,105.02,101.79,1.46,1.39267,816946455.0,1.35275,586250534.8490235,633736763.8842508,1000000000.0,293.31,-64.37557,2025-01-19 03:15:27+00:00,0.500801,20764.70944,2020-05-11 11:35:23+00:00,2026-09-09T12:31:20.000Z
7,Tron,TRX,TRON,['https://coin-images.coingecko.com/coins/images/1094/large/photo_2026-04-13_09-59-16.png?1776048311'],0.338991,32185037088,8.0,32185037315.0,330966590.0,0.339911,0.337749,0.0002493,0.0824,24630137.0,0.07659,94942041203.60518,94942040792.04079,1000000000.0,0.431288,-21.40035,2024-12-03 16:10:40+00:00,0.00180434,18687.52425,2017-11-11 16:00:00+00:00,2026-09-09T12:31:20.000Z
8,Figure-Heloc,FIGR_HELOC,Figure Heloc,['https://coin-images.coingecko.com/coins/images/68480/large/figure.png?1755863954'],1.035,23075166018,9.0,23075166018.0,34095941.0,1.051,1.0,9.392e-05,0.04982,218969.0,0.14934,22290610113.348,22290610113.348,1000000000.0,1.061,-2.38937,2026-08-03 14:19:20+00:00,0.155357,566.33584,2025-10-31 06:27:24+00:00,2026-09-09T07:26:20.000Z
9,Zcash,ZEC,Zcash,['https://coin-images.coingecko.com/coins/images/486/large/Brandmark-Yellow_%281%29.png?1785810558'],1268.7,21443780634,9.0,21445091418.0,1344832267.0,1275.68,1132.83,108.72,9.51228,1817192076.0,9.25883,16921867.3530448,16923028.2905448,21000000.0,3191.93,-60.25274,2016-10-28 16:00:00+00:00,16.08,7789.89,2024-07-04 20:22:29+00:00,2026-09-09T12:31:20.000Z
10,Hyperliquid,HYPE,Hyperliquid,['https://coin-images.coingecko.com/coins/images/50882/large/hyperliquid.jpg?1729431300'],86.77,19300892125,10.0,82888892525.0,1074507278.0,86.98,81.66,3.6,4.40626,798370101.0,4.31493,222445714.07414138,955307079.4341414,1000000000.0,89.6,-3.15332,2026-09-06 12:28:40+00:00,3.81,2178.30392,2024-11-29 01:30:30+00:00,2026-09-09T12:31:20.000Z
11,Dogecoin,DOGE,Dogecoin,['https://coin-images.coingecko.com/coins/images/5/large/dogecoin.png?1696501409'],0.091024,14173582810,11.0,15602551205.0,804301107.0,0.091427,0.088076,0.00175778,2.01088,263246063.0,1.89245,155843296383.7052,155843786383.7052,1000000000.0,0.731578,-87.55789,2021-05-07 21:08:23+00:00,8.69e-05,104640.87675,2015-05-05 16:00:00+00:00,2026-09-09T12:31:20.000Z
12,Rain,RAIN,Rain,['https://coin-images.coingecko.com/coins/images/69134/large/Rain_logo_1_.png?1762952191'],0.01635708,11592579983,12.0,18673480254.0,40056371.0,0.01676968,0.01591912,-0.000448708930543655,-2.55718,-326241171.0100231,-2.73719,709212318446.2726,1142408527031.575,1150000000000.0,0.01946402,-15.96252,2026-08-25 19:53:00+00:00,0.00222126,636.38757,2025-09-14 00:56:57+00:00,2026-09-09T12:31:20.000Z
13,Usds,USDS,USDS,['https://coin-images.coingecko.com/coins/images/39926/large/usds.webp?1726666683'],0.999968,9824316102,13.0,9843570108.0,225704012.0,1.0,0.999617,0.00021262,0.01439,-19799093.790519714,-0.20113,9824769268.336912,9845141097.700281,1000000000.0,1.057,-5.4245,2024-10-28 21:40:51+00:00,0.948265,5.45234,2024-10-03 05:19:28+00:00,2026-09-09T12:31:20.000Z
14,Whitebit,WBT,WhiteBIT Coin,['https://coin-images.coingecko.com/coins/images/27045/large/wbt_token.png?1696526096'],82.05,9673317124,14.0,24082396318.0,101704677.0,82.52,78.9,2.06,2.53538,238158291.0,2.52416,117919967.0,293569966.0,400000000.0,82.52,-0.57359,2026-09-09 00:48:20+00:00,3.06,2579.78964,2023-02-13 11:01:21+00:00,2026-09-09T12:31:20.000Z
15,Monero,XMR,Monero,['https://coin-images.coingecko.com/coins/images/69/large/monero_logo.png?1696501460'],496.12,9337809343,15.0,9337810535.0,121614234.0,507.62,491.57,-11.282466844224984,-2.30784,-202396386.12682152,-2.12151,18802364.13267768,18802379.7326232,1000000000.0,797.73,-37.80848,2026-01-14 11:34:07+00:00,0.216177,229399.03419,2015-01-13 16:00:00+00:00,2026-09-09T12:31:20.000Z
16,Chainlink,LINK,Chainlink,['https://coin-images.coingecko.com/coins/images/877/large/Chainlink_Logo_500.png?1760023405'],12.17,9111791879,16.0,12179912096.0,6989362649.0,12.77,11.98,-0.3721813043170741,-2.82936,-273897061.0973606,-2.91824,748099970.424884,1000000000.0,1000000000.0,52.7,-76.89812,2021-05-09 16:13:57+00:00,0.148183,8115.44096,2017-11-28 16:00:00+00:00,2026-09-09T12:31:20.000Z
17,Leo-Token,LEO,LEO Token,['https://coin-images.coingecko.com/coins/images/8418/large/leo-token.png?1696508607'],9.2,8451716352,17.0,9052447408.0,161867.0,9.26,9.17,0.02430665,0.26262,12963952.0,0.15362,919857851.9,985239504.0,1000000000.0,10.61,-13.33172,2026-05-04 09:35:00+00:00,0.799859,1049.98756,2019-12-24 07:14:35+00:00,2026-09-09T12:31:20.000Z
18,Cardano,ADA,Cardano,['https://coin-images.coingecko.com/coins/images/975/large/cardano.png?1696502090'],0.221019,8282456961,18.0,9936170877.0,581226077.0,0.231823,0.215202,0.00303957,1.31534,105955599.0,1.29585,37510482444.2993,45000000000.0,45000000000.0,3.09,-92.84013,2021-09-01 22:00:10+00:00,0.01925275,1047.98513,2020-03-12 18:22:55+00:00,2026-09-09T12:31:20.000Z
19,Stellar,XLM,Stellar,['https://coin-images.coingecko.com/coins/images/100/large/fmpFRHHQ_400x400.jpg?1735231350'],0.188756,6565002852,19.0,9431860228.0,170304895.0,0.19354,0.186398,0.00102679,0.49506,31646105.0,0.48438,34803513335.147545,50001786839.70248,1000000000.0,0.875563,-78.44177,2018-01-02 16:00:00+00:00,0.00047612,39544.32537,2015-03-04 16:00:00+00:00,2026-09-09T12:31:20.000Z
20,Bitcoin-Cash,BCH,Bitcoin Cash,['https://coin-images.coingecko.com/coins/images/780/large/bitcoin-cash-circle.png?1696501932'],259.14,5204159593,20.0,5204242176.0,149903186.0,261.18,251.88,3.17,1.25293,62774070.0,1.22096,20086706.14665078,20086756.14665078,21000000.0,3785.82,-93.15507,2017-12-19 16:00:00+00:00,76.93,236.82641,2018-12-15 16:00:00+00:00,2026-09-09T12:31:20.000Z
21,Dai,DAI,Dai,['https://coin-images.coingecko.com/coins/images/9956/large/Badge_Dai.png?1696509996'],0.999898,4573304908,21.0,4574145031.0,288243861.0,1.0,0.999723,-5.3749909647793e-05,-0.0113,-30521227.36097431,-0.66295,4573603999.255841,4576417054.089255,1000000000.0,1.22,-17.96924,2020-03-12 19:02:50+00:00,0.88196,13.37228,2023-03-10 23:50:50+00:00,2026-09-09T12:31:20.000Z
22,Ethena-Usde,USDE,Ethena USDe,['https://coin-images.coingecko.com/coins/images/33613/large/usde.png?1733810059'],0.999685,4453996575,22.0,4453996575.0,99779080.0,0.999948,0.999517,6.602e-05,0.00952,53232230.0,1.20961,4455349159.130567,4455924121.834266,1000000000.0,1.034,-3.32093,2025-12-09 09:10:12+00:00,0.929486,7.55241,2024-10-03 23:57:15+00:00,2026-09-09T12:31:20.000Z
23,Usd1-Wlfi,USD1,USD1,['https://coin-images.coingecko.com/coins/images/54977/large/USD1_1000x1000_transparent.png?1749297002'],0.999396,4277638272,23.0,4277638272.0,1066563529.0,0.999799,0.999325,-0.000136141591327466,-0.01165,19579584.0,0.45982,4280049884.324213,4280049884.324213,1000000000.0,1.048,-4.63157,2026-07-09 10:14:50+00:00,0.988762,1.07549,2026-07-09 09:13:20+00:00,2026-09-09T12:31:20.000Z
24,Canton-Network,CC,Canton,['https://coin-images.coingecko.com/coins/images/70468/large/Canton-Ticker_%281%29.png?1762826299'],0.106339,4205654291,24.0,4205654291.0,10188860.0,0.110029,0.102222,0.00168754,1.60395,66576247.0,1.60848,39558504215.70418,39558504215.70418,1000000000.0,0.194152,-45.22911,2026-02-03 00:02:08+00:00,0.059024,80.16146,2025-12-06 02:32:09+00:00,2026-09-09T12:31:20.000Z
25,Litecoin,LTC,Litecoin,['https://coin-images.coingecko.com/coins/images/2/large/litecoin.png?1696501400'],54.15,4199172579,25.0,4199201332.0,317722635.0,55.68,53.64,-1.1629927094701955,-2.1951,-92247901.73780823,-2.14959,77587829.3344047,77591173.0937317,84000000.0,410.26,-86.80114,2021-05-09 19:13:07+00:00,1.15,4613.40579,2015-01-13 16:00:00+00:00,2026-09-09T12:31:20.000Z
26,Uniswap,UNI,Uniswap,['https://coin-images.coingecko.com/coins/images/12504/large/uniswap-logo.png?1720676669'],6.73,4191866177,26.0,5989435984.0,538904815.0,7.0,6.58,-0.27068285433348116,-3.70939,-169519745.56088972,-3.88683,623212423.7271129,890460420.0329479,1000000000.0,44.92,-85.02213,2021-05-02 21:25:04+00:00,1.03,553.07311,2020-09-16 17:20:38+00:00,2026-09-09T12:31:20.000Z
27,The-Open-Network,GRAM,Gram (prev. Toncoin),['https://coin-images.coingecko.com/coins/images/17980/large/Gram_Circular_Badge.png?1781524778'],1.4,3894061187,27.0,7334585839.0,33885901.0,1.41,1.38,0.00838797,0.62739,24469998.0,0.63237,2785210045.2756596,5246046947.993682,1000000000.0,8.25,-83.05784,2024-06-14 16:36:51+00:00,0.519364,169.24082,2021-09-20 16:33:11+00:00,2026-09-09T12:31:20.000Z
28,Hedera-Hashgraph,HBAR,Hedera,['https://coin-images.coingecko.com/coins/images/3688/large/hbar.png?1696504364'],0.078616,3444658794,28.0,3929427582.0,65411084.0,0.080852,0.078128,-0.001763864915589053,-2.21884,-78504487.14557457,-2.22824,43831559702.98502,50000000000.0,50000000000.0,0.569229,-86.18908,2021-09-15 02:40:28+00:00,0.00986111,697.23006,2020-01-02 09:30:24+00:00,2026-09-09T12:31:20.000Z
29,Avalanche-2,AVAX,Avalanche,['https://coin-images.coingecko.com/coins/images/12559/large/Avalanche_Circle_RedWhite_Trans.png?1696512369'],7.96,3436731351,29.0,3688804664.0,252960763.0,8.1,7.84,-0.0743440017972059,-0.89835,-34125068.778767586,-0.98319,431771961.1772119,463441061.1772119,720000000.0,144.96,-94.506,2021-11-21 06:18:56+00:00,2.8,184.3266,2020-12-31 05:15:21+00:00,2026-09-09T12:31:20.000Z
30,Near,NEAR,NEAR Protocol,['https://coin-images.coingecko.com/coins/images/10365/large/near.jpg?1696510367'],2.61,3403755070,30.0,3403755062.0,626123927.0,2.61,2.25,0.331215,14.36592,425973856.0,14.30508,1305833298.0,1305860738.0,1000000000.0,20.44,-87.2213,2022-01-16 14:09:45+00:00,0.526762,395.80724,2020-11-04 08:09:15+00:00,2026-09-09T12:31:20.000Z
31,Sui,SUI,Sui,['https://coin-images.coingecko.com/coins/images/26375/large/sui-ocean-square.png?1727791290'],0.816041,3337643223,31.0,8147474571.0,580614689.0,0.833475,0.796664,0.00468289,0.53585,13883548.0,0.41771,4096537146.5409594,10000000000.0,10000000000.0,5.35,-84.7371,2025-01-04 14:56:18+00:00,0.364846,123.66712,2023-10-19 02:40:30+00:00,2026-09-09T12:31:20.000Z
32,Global-Dollar,USDG,Global Dollar,['https://coin-images.coingecko.com/coins/images/51281/large/GDN_USDG_Token_200x200.png?1730484111'],0.999922,3320752638,32.0,3320752643.0,1244476789.0,1.0,0.999798,-5.6596770057094e-05,-0.00216,71997127.0,2.21614,3320823575.022236,3320823580.23496,1000000000.0,1.65,-39.56405,2025-01-29 16:11:05+00:00,0.907561,10.17686,2024-11-11 15:55:50+00:00,2026-09-09T12:31:20.000Z
33,Shiba-Inu,SHIB,Shiba Inu,['https://coin-images.coingecko.com/coins/images/11939/large/shiba.png?1696511800'],5.44e-06,3201817233,33.0,3203212670.0,68686928.0,5.51e-06,5.35e-06,-2.332110868e-09,-0.02053,-4269135.797970295,-0.13316,589239301066730.6,589496238721205.9,1000000000.0,8.616e-05,-93.68756,2021-10-27 19:54:55+00:00,5.6366e-11,9648779.87562,2020-11-28 03:26:25+00:00,2026-09-09T12:31:20.000Z
34,Crypto-Com-Chain,CRO,Cronos,['https://coin-images.coingecko.com/coins/images/7310/large/cro_token_logo.png?1696507599'],0.060049,2914267245,34.0,5937962261.0,19046777.0,0.06401,0.058574,-0.000852894136098313,-1.34976,-42029562.50377464,-1.4217,48543817698.746284,98910465097.5627,100000000000.0,0.891544,-93.26458,2021-11-23 16:00:00+00:00,0.0121196,395.47207,2019-02-07 16:00:00+00:00,2026-09-09T12:31:20.000Z
35,Paypal-Usd,PYUSD,PayPal USD,['https://coin-images.coingecko.com/coins/images/31212/large/PYUSD_Token_Logo_2x.png?1765987788'],0.999915,2833732928,35.0,2833732928.0,50726656.0,1.0,0.999704,0.0001345,0.01272,-55173064.192353725,-1.90983,2833917074.8302283,2833917074.830228,1000000000.0,1.021,-2.03991,2023-10-23 14:44:57+00:00,0.959426,4.22014,2024-12-05 14:31:13+00:00,2026-09-09T12:31:20.000Z
36,Blackrock-Usd-Institutional-Digital-Liquidity-Fund,BUIDL,BlackRock USD Institutional Digital Liquidity Fund,['https://coin-images.coingecko.com/coins/images/36291/large/blackrock.png?1711013223'],1.0,2817664206,36.0,2817664206.0,6937077.0,1.0,1.0,0.0,0.0,-14618660.130000114,-0.51614,2817664205.670449,2817664205.670449,1000000000.0,1.0,0.0,2025-02-11 21:00:10+00:00,1.0,0.0,2026-07-23 07:25:00+00:00,2026-09-09T12:31:20.000Z
37,Tether-Gold,XAUT,Tether Gold,['https://coin-images.coingecko.com/coins/images/10481/large/logo.png?1774627372'],4392.08,2691478401,37.0,3108375426.0,180051593.0,4411.13,4343.14,-8.88306555859981,-0.23031,-5538391.836524487,-0.20535,612823.6595320001,707747.089,1000000000.0,5504.62,-20.21088,2026-01-28 16:00:00+00:00,1447.84,203.354,2020-03-19 05:45:41+00:00,2026-09-09T12:31:20.000Z
38,Memecore,M,MemeCore,['https://coin-images.coingecko.com/coins/images/53247/large/square-bg-transparent.png?1752637478'],1.18,2685524950,38.0,6400598583.0,1499930.0,1.25,1.16,-0.003558921680664406,-0.32413,-7687037.026602745,-0.28542,2270824656.955876,5412199083.542232,10000000000.0,5.64,-79.04381,2026-07-02 04:14:00+00:00,0.04746135,2391.79752,2025-07-03 19:56:17+00:00,2026-09-09T12:31:20.000Z
39,Hashnote-Usyc,USYC,Circle USYC,['https://coin-images.coingecko.com/coins/images/51054/large/Hashnote_SDYC_200x200.png?1730370965'],1.14,2624518387,39.0,2624518387.0,6937077.0,1.14,1.14,6.584e-05,0.00579,178060.0,0.00678,2309010956.409942,2309010956.409942,1000000000.0,1.14,0.0,2026-09-08 13:00:10+00:00,1.026,10.7727,2024-12-05 14:31:20+00:00,2026-09-09T12:31:20.000Z
40,Bittensor,TAO,Bittensor,['https://coin-images.coingecko.com/coins/images/28452/large/ARUsPeNQ_400x400.jpeg?1696527447'],267.48,2565656293,40.0,5613840342.0,255447040.0,269.03,249.72,14.37,5.70723,136461132.0,5.61755,9597491.0,21000000.0,21000000.0,757.6,-64.69398,2024-03-07 10:45:36+00:00,30.83,767.59793,2023-05-14 00:57:53+00:00,2026-09-09T12:31:20.000Z
41,Ripple-Usd,RLUSD,Ripple USD,['https://coin-images.coingecko.com/coins/images/39651/large/RLUSD_200x200_%281%29.png?1727376633'],1.0,2438049057,41.0,2441909629.0,226379064.0,1.0,0.999768,0.00018491,0.01223,4599590.0,0.18902,2437740048.107196,2441600130.107198,1000000000.0,1.073,-6.77804,2024-12-26 02:45:52+00:00,0.962292,3.92918,2024-12-17 20:40:40+00:00,2026-09-09T12:31:20.000Z
42,Okb,OKB,OKB,['https://coin-images.coingecko.com/coins/images/4463/large/WeChat_Image_20220118095654.png?1696505053'],114.55,2405768077,42.0,2405768077.0,20286258.0,115.23,113.34,-0.6776512984646956,-0.54463,-14022309.81180954,-0.57948,21000000.0,21000000.0,21000000.0,228.74,-49.92098,2025-10-04 16:00:00+00:00,0.580608,19629.39799,2019-01-13 16:00:00+00:00,2026-09-09T12:31:20.000Z
43,Ondo-Us-Dollar-Yield,USDY,Ondo US Dollar Yield,['https://coin-images.coingecko.com/coins/images/31700/large/usdy_%281%29.png?1696530524'],1.15,2205173652,43.0,2205421927.0,3511261.0,1.15,1.14,0.00033016,0.14382,-662252.0397629738,-0.03002,1926010616.9157093,1926227461.922417,1000000000.0,1.26,-9.30207,2024-03-26 21:24:08+00:00,0.934184,22.62648,2024-01-14 03:40:50+00:00,2026-09-09T12:31:20.000Z
44,Mantle,MNT,Mantle,['https://coin-images.coingecko.com/coins/images/30980/large/MNT_Token_Logo.png?1765516974'],0.639781,2112682337,44.0,3978882322.0,31345730.0,0.652427,0.619758,0.01103256,1.80612,36370293.0,1.75168,3302294382.53684,6219316794.889999,6219316794.89,2.86,-77.5913,2025-10-08 17:04:46+00:00,0.307978,107.73624,2023-10-17 18:50:46+00:00,2026-09-09T12:31:20.000Z
45,Aster-2,ASTER,Aster,['https://coin-images.coingecko.com/coins/images/69040/large/_ASTER.png?1757326782'],0.749844,2024843379,45.0,5843712233.0,134408044.0,0.765651,0.740041,-0.013642162448841977,-1.71091,-39676964.89463663,-1.92185,2704071066.7997313,7803968119.651995,8000000000.0,2.41,-68.86982,2025-09-24 03:18:14+00:00,0.099713,651.99849,2025-09-17 04:05:36+00:00,2026-09-09T12:31:20.000Z
46,Polkadot,DOT,Polkadot,['https://coin-images.coingecko.com/coins/images/12171/large/polkadot.jpg?1766533446'],1.18,2000198882,46.0,2000207930.0,434711492.0,1.28,1.061,0.089374,8.51809,151180876.0,8.17628,1701944765.424115,1701957999.857161,2100000000.0,54.98,-97.86121,2021-11-04 06:10:09+00:00,0.727004,61.74364,2026-08-18 02:57:10+00:00,2026-09-09T12:31:20.000Z
47,Aave,AAVE,Aave,['https://coin-images.coingecko.com/coins/images/12645/large/aave-token-round.png?1720472354'],129.18,1992037791,47.0,2065957728.0,188652048.0,131.05,126.85,0.076895,-0.01615,348790.0,0.01751,15427520.23413867,16000000.0,16000000.0,661.69,-80.47763,2021-05-18 13:19:59+00:00,26.02,396.39498,2020-11-05 01:20:11+00:00,2026-09-09T12:31:20.000Z
48,Pump-Fun,PUMP,Pump.fun,['https://coin-images.coingecko.com/coins/images/67164/large/pump.jpg?1751949376'],0.00465246,1929303159,48.0,3883223951.0,233783544.0,0.00461198,0.00424285,0.00037192,9.0284,238482050.0,14.10451,414839536882.7098,834972366903.9573,1000000000000.0,0.00881908,-47.24556,2025-09-14 08:42:40+00:00,0.00115473,302.90576,2026-06-25 17:04:20+00:00,2026-09-09T12:31:20.000Z
49,Pax-Gold,PAXG,PAX Gold,['https://coin-images.coingecko.com/coins/images/9519/large/asset-paxg.png?1785284785'],4394.93,1900785467,49.0,1900785467.0,128674390.0,4413.97,4348.7,-8.622352437765585,-0.23137,-3767351.489524126,-0.19781,432503.312051,432503.312051,1000000000.0,5619.09,-21.78567,2026-01-28 22:30:56+00:00,1399.64,214.00425,2019-11-17 19:09:35+00:00,2026-09-09T12:31:20.000Z
50,Ondo-Finance,ONDO,Ondo,['https://coin-images.coingecko.com/coins/images/26580/large/ONDO.png?1696525656'],0.378364,1842180280,50.0,3783231029.0,103356154.0,0.385685,0.369949,0.00120943,0.25541,5691328.0,0.3099,4869330647.0,10000000000.0,10000000000.0,2.14,-82.32074,2024-12-15 16:36:00+00:00,0.082171,360.459,2024-01-18 04:14:30+00:00,2026-09-09T12:33:20.000Z
51,World-Liberty-Financial,WLFI,World Liberty Financial,['https://coin-images.coingecko.com/coins/images/50767/large/wlfi.png?1756438915'],0.055816,1774048359,51.0,5582785399.0,21839691.0,0.056457,0.055395,-0.00011092281628329,-0.18093,-3160710.8585517406,-0.17785,31777118978.0,100000000000.0,100000000000.0,0.331336,-83.15413,2025-09-01 04:20:09+00:00,0.050799,9.87746,2026-08-09 02:00:00+00:00,2026-09-09T12:33:20.000Z
52,Worldcoin-Wld,WLD,Worldcoin,['https://coin-images.coingecko.com/coins/images/31069/large/worldcoin.jpeg?1696529903'],0.453551,1668067745,52.0,4534269274.0,243033145.0,0.492671,0.44254,-0.01865593278373673,-4.08462,-68375042.40594316,-3.93765,3678801685.83609,10000000000.0,10000000000.0,11.74,-96.13691,2024-03-09 16:10:42+00:00,0.229961,97.22925,2026-05-18 15:06:00+00:00,2026-09-09T12:33:20.000Z
53,Ethena,ENA,Ethena,['https://coin-images.coingecko.com/coins/images/36530/large/ethena.png?1711701436'],0.164843,1663256592,53.0,2471330024.0,446885540.0,0.168753,0.157077,0.00531926,3.29272,52816453.0,3.27963,10095312500.0,15000000000.0,15000000000.0,1.52,-89.13866,2024-04-11 05:15:15+00:00,0.070228,134.72359,2026-06-30 15:44:00+00:00,2026-09-09T12:33:20.000Z
54,Morpho,MORPHO,Morpho,['https://coin-images.coingecko.com/coins/images/29837/large/Morpho-token-icon.png?1726771230'],2.35,1616901909,54.0,2347299410.0,32752161.0,2.44,2.31,-0.09477564664413007,-3.90261,-65473748.97628999,-3.89174,688834965.7824454,1000000000.0,1000000000.0,4.17,-43.70723,2025-01-17 04:46:19+00:00,0.713151,229.20786,2024-11-24 17:55:43+00:00,2026-09-09T12:33:20.000Z
55,Internet-Computer,ICP,Internet Computer,['https://coin-images.coingecko.com/coins/images/14495/large/Internet_Computer_logo.png?1696514180'],2.89,1605514245,55.0,1605514245.0,65702837.0,3.07,2.83,-0.15012701334973633,-4.7987,-83884454.1667676,-4.96534,556266976.1055539,556266976.1055539,1000000000.0,700.65,-99.58795,2021-05-10 08:05:53+00:00,2.0,44.15727,2026-08-01 20:31:10+00:00,2026-09-09T12:33:20.000Z
56,Pepe,PEPE,Pepe,['https://coin-images.coingecko.com/coins/images/29850/large/pepe-token.jpeg?1696528776'],3.72e-06,1566682318,56.0,1566682318.0,235763010.0,3.76e-06,3.55e-06,1.0119e-07,2.85111,42961733.0,2.81953,420690000000000.0,420690000000000.0,420690000000000.0,2.803e-05,-86.71642,2024-12-09 08:30:35+00:00,5.5142e-08,6651.87742,2023-04-17 18:14:41+00:00,2026-09-09T12:33:20.000Z
57,Htx-Dao,HTX,HTX DAO,['https://coin-images.coingecko.com/coins/images/35491/large/Frame_1321318576.png?1708908626'],1.69e-06,1518380441,57.0,1518380441.0,26815293.0,1.7e-06,1.68e-06,-6.945626648e-09,-0.40892,-6238882.340797663,-0.40921,898232728634017.2,898232728634017.2,999990000000000.0,3.75e-06,-54.94042,2024-12-03 16:16:20+00:00,8.00816e-07,111.08578,2024-08-05 05:31:33+00:00,2026-09-09T12:33:20.000Z
58,Sky,SKY,Sky,['https://coin-images.coingecko.com/coins/images/39925/large/sky.jpg?1724827980'],0.064508,1510805218,58.0,1513062825.0,8485154.0,0.068149,0.064162,-0.002881745490013229,-4.33371,-68054489.8812089,-4.31036,23427657038.189835,23462665147.36596,23462665147.3,0.100535,-35.83529,2024-12-04 02:13:57+00:00,0.03582727,80.05317,2025-02-02 21:01:48+00:00,2026-09-09T12:33:20.000Z
59,Usdd,USDD,USDD,['https://coin-images.coingecko.com/coins/images/25380/large/UUSD.jpg?1696524513'],0.999617,1497238463,59.0,1497578887.0,5735014.0,0.999947,0.998458,-4.0473970629451e-05,-0.00404,35791877.0,2.44907,1497816145.0,1501818851.0,1000000000.0,1.24,-19.52901,2026-07-09 09:35:10+00:00,0.928067,7.70958,2022-06-19 08:15:11+00:00,2026-09-09T12:33:20.000Z
60,Bitget-Token,BGB,Bitget Token,['https://coin-images.coingecko.com/coins/images/11610/large/Bitget_logo.png?1736925727'],2.0,1396792045,60.0,1817687884.0,12351711.0,2.02,1.96,-0.000104113148810203,-0.04799,-104777.14826011658,-0.0075,699992029.6481038,910920874.6481038,2000000000.0,8.45,-76.3857,2024-12-27 03:41:24+00:00,0.0142795,13874.47372,2020-06-24 20:17:05+00:00,2026-09-09T12:33:20.000Z
61,Usdgo,USDGO,USDGO,['https://coin-images.coingecko.com/coins/images/102172077/large/USDGO_%287%29.png?1771437018'],1.0,1373661292,61.0,1373661292.0,57968791.0,1.0,0.99995,4.296e-05,0.00131,8047312.0,0.58928,1373442039.16,1373442039.16,1000000000.0,1.002,-0.22441,2026-03-11 00:04:22+00:00,0.999259,0.09016,2026-05-13 20:34:00+00:00,2026-09-09T12:33:20.000Z
62,Falcon-Finance,USDF,Falcon USD,['https://coin-images.coingecko.com/coins/images/54558/large/ff_200_X_200.png?1740741076'],0.99689,1340293447,62.0,1340293447.0,448781.0,1.001,0.991216,0.00037552,0.03874,881136.0,0.06579,1344475004.618144,1344475004.618144,1000000000.0,1.075,-7.23001,2025-05-08 13:25:42+00:00,0.943422,5.6674,2025-07-08 02:16:34+00:00,2026-09-09T12:33:20.000Z
63,Venice-Token,VVV,Venice Token,['https://coin-images.coingecko.com/coins/images/54023/large/VVV_Token_Transparent.png?1741856877'],27.68,1323649448,63.0,2236740884.0,351763348.0,29.19,18.77,8.66,45.06433,414261134.0,45.55382,47901031.55329308,80972600.77015463,1000000000.0,29.19,-5.15884,2026-09-09 07:42:00+00:00,0.91975,2909.58118,2025-12-01 10:55:48+00:00,2026-09-09T12:33:20.000Z
64,Ethereum-Classic,ETC,Ethereum Classic,['https://coin-images.coingecko.com/coins/images/453/large/ethereum-classic-logo.png?1696501717'],8.37,1322620384,64.0,1322620384.0,120355189.0,9.02,8.13,0.187733,2.26617,29644843.0,2.29276,158119062.8308285,158119477.0392587,210700000.0,167.09,-94.99306,2021-05-06 10:34:22+00:00,0.615038,1260.21944,2016-07-24 16:00:00+00:00,2026-09-09T12:33:20.000Z
65,Bfusd,BFUSD,BFUSD,['https://coin-images.coingecko.com/coins/images/68227/large/bfusd.png?1755132827'],0.999664,1319556770,65.0,1319556770.0,2000429.0,0.99995,0.999489,0.00011399,0.0117,150457.0,0.0114,1320000000.0,1320000000.0,1000000000.0,1.007,-0.72103,2025-10-10 13:40:40+00:00,0.996931,0.27418,2026-07-29 19:14:40+00:00,2026-09-09T12:33:20.000Z
66,Lighter,LIT,Lighter,['https://coin-images.coingecko.com/coins/images/71121/large/lighter.png?1765888098'],5.2,1300278675,66.0,5201114700.0,126220949.0,5.31,4.65,0.492154,10.47709,122308621.0,10.383,250000000.0,1000000000.0,1000000000.0,7.86,-33.78923,2025-12-30 01:05:21+00:00,0.779399,567.69865,2026-03-31 09:55:00+00:00,2026-09-09T12:33:20.000Z
67,United-Stables,U,United Stables,['https://coin-images.coingecko.com/coins/images/71157/large/united-stables-logo.jpg?1766061640'],0.998972,1284706477,67.0,1286204968.0,173126080.0,0.999421,0.998906,-9.4308181146419e-05,-0.01223,-7085081.101576328,-0.54847,1286000007.8,1288500007.8,1000000000.0,1.008,-0.87393,2026-02-05 13:06:07+00:00,0.968158,3.18269,2025-12-20 16:47:20+00:00,2026-09-09T12:33:20.000Z
68,Spiko-Amundi-Overnight-Swap-Fund-Eur,EURSAFO,Spiko Amundi Overnight Swap Fund (EUR),['https://coin-images.coingecko.com/coins/images/102172591/large/Fund_eurSAF0.png?1774104814'],1.18,1248231850,68.0,1248231850.0,6937077.0,1.18,1.18,0.00325425,0.29879,3446652.0,0.27689,1058698463.14974,1058698463.14974,1000000000.0,1.18,-0.40023,2026-08-21 11:35:00+00:00,1.15,2.15949,2026-07-30 07:40:10+00:00,2026-09-09T12:33:20.000Z
69,Bitway,BTW,Bitway,['https://coin-images.coingecko.com/coins/images/71205/large/BTW_Token_200x200.png?1786291907'],0.449461,1217206677,69.0,4494618639.0,7400962.0,0.46133,0.429682,0.00059665,0.14183,1619037.0,0.13319,2708142280.000001,10000000000.0,10000000000.0,0.745279,-39.69229,2026-08-19 09:36:00+00:00,0.00911805,4829.35125,2026-03-03 06:55:24+00:00,2026-09-09T12:33:20.000Z
70,Arbitrum,ARB,Arbitrum,['https://coin-images.coingecko.com/coins/images/16547/large/arb.jpg?1721358242'],0.167702,1119962775,70.0,1677074035.0,268810006.0,0.174571,0.163302,-0.004736939577104443,-2.83044,-31596842.26700902,-2.74383,6678075931.0,10000000000.0,10000000000.0,2.39,-92.98402,2024-01-12 04:29:59+00:00,0.07048,137.94283,2026-06-26 13:20:40+00:00,2026-09-09T12:33:20.000Z
71,Pi-Network,PI,Pi Network,['https://coin-images.coingecko.com/coins/images/54342/large/pi_network.jpg?1739347576'],0.097706,1088540562,71.0,1674677788.0,6920554.0,0.099584,0.095626,0.00105333,1.16582,11661980.0,1.08294,11141680597.248924,17141047072.69065,100000000000.0,2.99,-96.72961,2025-02-26 08:41:03+00:00,0.070586,38.42176,2026-07-14 02:37:30+00:00,2026-09-09T12:33:20.000Z
72,Polygon-Ecosystem-Token,POL,POL (ex-MATIC),['https://coin-images.coingecko.com/coins/images/32440/large/pol.png?1759114181'],0.098305,1052759778,72.0,1052759778.0,90457883.0,0.099879,0.094888,0.00165811,1.67374,17611953.0,1.70139,10711198045.42806,10711198045.42806,1000000000.0,1.29,-92.36502,2024-03-13 10:55:06+00:00,0.067711,45.18311,2026-07-01 01:13:30+00:00,2026-09-09T12:33:20.000Z
73,Cosmos,ATOM,Cosmos Hub,['https://coin-images.coingecko.com/coins/images/1481/large/cosmos_hub.png?1696502525'],1.95,1029756628,73.0,1029759462.0,123220976.0,2.03,1.71,0.194628,11.0787,102735392.0,11.08231,529725065.656921,529733011.592082,1000000000.0,43.84,-95.56345,2021-09-19 16:00:00+00:00,1.16,67.68272,2020-03-12 18:27:44+00:00,2026-09-09T12:33:20.000Z
74,Kaspa,KAS,Kaspa,['https://coin-images.coingecko.com/coins/images/25751/large/kaspa-icon-exchanges.png?1696524837'],0.03607715,998852332,74.0,998971712.0,18665861.0,0.03715227,0.03472699,0.00135364,3.92322,37462824.0,3.89674,27686994077.202873,27690365048.54846,28704026601.0,0.207411,-82.60597,2024-07-31 16:40:47+00:00,0.00017105,20991.62941,2022-05-26 06:42:59+00:00,2026-09-09T12:33:20.000Z
75,Quant-Network,QNT,Quant,['https://coin-images.coingecko.com/coins/images/3370/large/5ZOu7brX_400x400.jpg?1696504070'],68.02,988832693,75.0,993477433.0,17968307.0,69.83,66.6,1.24,1.82383,17671423.0,1.81962,14544176.164081175,14612493.0,14612493.0,427.42,-84.08696,2021-09-11 01:15:00+00:00,0.215773,31421.92388,2018-08-22 16:00:00+00:00,2026-09-09T12:33:20.000Z
76,Gatechain-Token,GT,Gate,['https://coin-images.coingecko.com/coins/images/8183/large/200X200.png?1735246724'],9.25,985918724,76.0,1099203935.0,1078522.0,9.31,9.06,0.124518,1.3398,13309923.0,1.36848,106622011.15518121,118873292.38247202,142622844.0,25.38,-63.56966,2025-01-25 16:00:00+00:00,0.25754,3490.36621,2020-03-12 18:18:02+00:00,2026-09-09T12:33:20.000Z
77,Blockchain-Capital,BCAP,Blockchain Capital,['https://coin-images.coingecko.com/coins/images/56040/large/bcap_logo_200.png?1748088291'],106.49,970348700,77.0,970348700.0,6937077.0,106.49,106.22,0.27,0.25419,2460270.0,0.25419,9112111.0,9112111.0,1000000000.0,106.49,0.0,2026-09-08 22:20:10+00:00,17.76,499.60586,2025-06-02 12:50:02+00:00,2026-09-09T12:33:20.000Z
78,Kucoin-Shares,KCS,KuCoin,['https://coin-images.coingecko.com/coins/images/1047/large/sa9z79.png?1696502152'],6.99,958668349,78.0,993616699.0,2779790.0,7.05,6.95,-0.004944635274934939,-0.07995,-859802.3430136442,-0.08961,137155021.2773955,142155021.2773955,1000000000.0,28.83,-75.75088,2021-12-01 07:09:35+00:00,0.342863,1939.00469,2019-02-06 16:00:00+00:00,2026-09-09T12:33:20.000Z
79,Algorand,ALGO,Algorand,['https://coin-images.coingecko.com/coins/images/4380/large/download.png?1696504978'],0.099049,895385505,79.0,895387537.0,40556136.0,0.103137,0.096825,0.00012656,0.1143,1185074.0,0.13253,9039728572.301533,9039756535.407457,10000000000.0,3.56,-97.21862,2019-06-20 06:51:19+00:00,0.075732,30.78925,2026-07-29 20:10:10+00:00,2026-09-09T12:33:20.000Z
80,Eutbl,EUTBL,Spiko EU T-Bills Money Market Fund,['https://coin-images.coingecko.com/coins/images/39657/large/EUTBL.png?1723517425'],1.23,881940867,80.0,881940867.0,6937077.0,1.23,1.23,0.00347282,0.30448,-909295.7874927521,-0.103,715302976.77384,715302976.77384,1000000000.0,1.26,-2.22488,2026-01-27 13:00:08+00:00,1.011,21.96223,2024-08-15 01:45:23+00:00,2026-09-09T12:33:20.000Z
81,Just,JST,JUST,['https://coin-images.coingecko.com/coins/images/11095/large/JUST.jpg?1696511035'],0.103185,845186152,81.0,845186152.0,19142038.0,0.110037,0.102905,-0.002747927805777373,-2.54299,-22270967.15758598,-2.56739,8188743036.341737,8188743036.341737,9900000000.0,0.193254,-46.60661,2021-04-04 20:34:23+00:00,0.00476275,2066.50063,2020-05-08 22:08:54+00:00,2026-09-09T12:33:20.000Z
82,Nexo,NEXO,NEXO,['https://coin-images.coingecko.com/coins/images/3695/large/CG-nexo-token-200x200_2x.png?1730414360'],0.844687,844725279,82.0,844725279.0,2765630.0,0.849872,0.821065,0.01978269,2.39533,19820944.0,2.40282,1000000000.0,1000000000.0,1000000000.0,4.07,-79.23566,2021-05-12 06:37:47+00:00,0.04515276,1770.7317,2018-09-12 16:00:00+00:00,2026-09-09T12:33:20.000Z
83,Jupiter-Exchange-Solana,JUP,Jupiter,['https://coin-images.coingecko.com/coins/images/34188/large/jup.png?1704266489'],0.252171,837218432,83.0,1730365139.0,85469215.0,0.253844,0.235435,0.01055486,4.33071,34976086.0,4.35979,3320312968.08,6862431106.912057,10000000000.0,2.0,-87.39152,2024-01-31 07:02:47+00:00,0.135801,85.69193,2026-02-12 10:35:44+00:00,2026-09-09T12:33:20.000Z
84,Dash,DASH,Dash,['https://coin-images.coingecko.com/coins/images/19/large/dash-logo.png?1696501423'],64.76,830849904,84.0,830850823.0,189587910.0,66.34,61.47,1.43,2.21616,18423683.0,2.26774,12828352.02901614,12828387.07391258,18920000.0,1493.59,-95.66414,2017-12-19 16:00:00+00:00,0.213899,30176.00071,2014-02-13 16:00:00+00:00,2026-09-09T12:33:20.000Z
85,Superstate-Short-Duration-Us-Government-Securities-Fund-Ustb,USTB,Invesco Short Duration US Government Securities Fund,['https://coin-images.coingecko.com/coins/images/35012/large/Invesco_icon_lg.png?1780816895'],11.2,820631022,85.0,820712702.0,6937077.0,11.2,11.2,0.001061,0.00947,46048909.0,5.945,73260435.950388,73267727.74825,1000000000.0,11.2,0.0,2026-09-08 16:15:00+00:00,10.29,8.85069,2025-02-26 01:55:09+00:00,2026-09-09T12:33:20.000Z
86,Render-Token,RENDER,Render,['https://coin-images.coingecko.com/coins/images/11636/large/rndr.png?1696511529'],1.54,800404037,86.0,823177239.0,46968421.0,1.54,1.48,0.03765307,2.48976,19490433.0,2.49585,518772101.28269154,533532274.5626915,644245094.0,13.53,-88.59993,2024-03-17 08:30:24+00:00,0.03665669,4109.23047,2020-06-16 05:22:25+00:00,2026-09-09T12:33:20.000Z
87,Janus-Henderson-Anemoy-Treasury-Fund,JTRSY,Janus Henderson Anemoy Treasury Fund,['https://coin-images.coingecko.com/coins/images/70445/large/JTRSY.png?1762078582'],1.12,774942361,87.0,774942361.0,6937077.0,1.12,1.12,0.000412,0.03695,-24713775.005846977,-3.09055,694720859.594534,694720859.594534,1000000000.0,1.12,0.0,2026-09-08 13:50:10+00:00,1.085,2.83027,2025-11-12 20:05:05+00:00,2026-09-09T12:33:20.000Z
88,Stable-2,STABLE,​​Stable,['https://coin-images.coingecko.com/coins/images/69242/large/stable-logotype-framed-square-light.png?1762753913'],0.02842264,743587410,88.0,2842106203.0,7169760.0,0.02906366,0.02823008,-0.000675289631486841,-2.32387,-16842174.93009162,-2.21482,26163252057.0,100000000000.0,100000000000.0,0.04323745,-34.26383,2026-05-14 23:31:00+00:00,0.0092214,208.2249,2025-12-23 21:49:32+00:00,2026-09-09T12:33:20.000Z
89,Pancakeswap-Token,CAKE,PancakeSwap,['https://coin-images.coingecko.com/coins/images/12632/large/pancakeswap-cake-logo_%281%29.png?1696512440'],2.3,735962224,89.0,762798207.0,72435145.0,2.32,2.26,-0.010241312228687516,-0.32746,-3359757.8082541227,-0.45444,320182300.34521115,331857365.1830818,400000000.0,43.96,-94.77117,2021-04-30 02:08:22+00:00,0.194441,1082.2806,2020-11-03 06:29:34+00:00,2026-09-09T12:33:20.000Z
90,Janus-Henderson-Anemoy-Aaa-Clo-Fund,JAAA,Janus Henderson Anemoy AAA CLO Fund,['https://coin-images.coingecko.com/coins/images/70446/large/jaaa.png?1762078666'],1.049,711458264,90.0,711458264.0,6937077.0,1.049,1.048,0.00069,0.06583,491538.0,0.06914,678322870.428591,679991365.72342,1000000000.0,1.049,0.0,2026-09-09 11:20:00+00:00,1.009,3.89921,2025-12-06 06:10:05+00:00,2026-09-09T12:33:20.000Z
91,Filecoin,FIL,Filecoin,['https://coin-images.coingecko.com/coins/images/12817/large/filecoin.png?1696512609'],0.843901,698093790,91.0,1651529493.0,79982574.0,0.875856,0.825248,-0.006183785169693423,-0.8106,-4976629.794405103,-0.70784,827246391.0,1957074799.0,1000000000.0,236.84,-99.64368,2021-04-01 05:29:41+00:00,0.612413,37.7992,2026-08-18 03:52:30+00:00,2026-09-09T12:33:20.000Z
92,Gho,GHO,GHO,['https://coin-images.coingecko.com/coins/images/30663/large/gho-token-logo.png?1720517092'],0.99839,697875450,92.0,697875450.0,9137126.0,0.999002,0.998333,-0.000164638661725669,-0.01673,-114396.75490450859,-0.01639,699000000.0,699000000.0,1000000000.0,1.03,-3.05408,2024-02-28 09:15:58+00:00,0.917065,8.86793,2023-10-23 20:41:04+00:00,2026-09-09T12:33:20.000Z
93,Vechain,VET,VeChain,['https://coin-images.coingecko.com/coins/images/1167/large/VET.png?1742383283'],0.00772717,664369659,93.0,664369659.0,23498158.0,0.00815912,0.00760247,-0.000119950495118018,-1.46261,-10365499.986858726,-1.53623,85985041177.0,85985041177.0,86712634466.0,0.280991,-97.25003,2021-04-18 17:08:21+00:00,0.00191713,303.05867,2020-03-12 18:29:59+00:00,2026-09-09T12:33:20.000Z
94,Injective-Protocol,INJ,Injective,['https://coin-images.coingecko.com/coins/images/12882/large/Other_200x200.png?1738782212'],6.34,633576292,94.0,633576292.0,127417179.0,6.56,6.2,0.05449,0.80409,5330659.0,0.8485,100000000.0,100000000.0,1000000000.0,52.62,-87.95731,2024-03-14 07:06:22+00:00,0.657401,863.93944,2020-11-03 08:19:30+00:00,2026-09-09T12:33:20.000Z
95,Official-Trump,TRUMP,Official Trump,['https://coin-images.coingecko.com/coins/images/53746/large/trump.png?1737171561'],2.26,616204739,95.0,2256027076.0,158776823.0,2.28,2.2,0.00416759,0.21147,1217348.0,0.19795,273137120.287634,1000000000.0,1000000000.0,73.43,-96.92805,2025-01-19 03:50:34+00:00,1.37,64.62486,2026-08-13 18:40:30+00:00,2026-09-09T12:33:20.000Z
96,Beldex,BDX,Beldex,['https://coin-images.coingecko.com/coins/images/5111/large/Beldex.png?1696505631'],0.07633,601152881,96.0,759178013.0,11110994.0,0.077812,0.075156,-0.001378107024916753,-1.75672,-10455104.814686775,-1.70945,7870576319.447556,9939516418.91146,1000000000.0,0.450785,-83.0673,2018-12-16 16:00:00+00:00,0.00027519,27637.66024,2019-11-01 03:05:12+00:00,2026-09-09T12:33:20.000Z
97,Ether-Fi,ETHFI,Ether.fi,['https://coin-images.coingecko.com/coins/images/35958/large/etherfi.jpeg?1710254562'],0.614366,592801372,97.0,592801372.0,73468563.0,0.639674,0.580149,0.02871746,5.0525,27445932.0,4.85463,965350000.0,965350000.0,1000000000.0,8.53,-92.79667,2024-03-27 15:14:46+00:00,0.26653,130.50525,2026-06-05 19:19:15+00:00,2026-09-09T12:33:20.000Z
98,Xdce-Crowd-Sale,XDC,XDC Network,['https://coin-images.coingecko.com/coins/images/2912/large/xdc-icon.png?1696503661'],0.02891721,576812659,98.0,1100772685.0,6634895.0,0.0289582,0.02827694,0.00047605,1.71369,9505765.0,1.67559,19946688440.0,38065686425.1,1000000000.0,0.192754,-84.99788,2021-08-20 20:39:48+00:00,0.00039532,7214.92058,2019-07-21 16:00:00+00:00,2026-09-09T12:33:20.000Z
99,Aerodrome-Finance,AERO,Aerodrome Finance,['https://coin-images.coingecko.com/coins/images/31745/large/token.png?1696530564'],0.581763,573249982,99.0,1146834878.0,63668672.0,0.643157,0.587161,-0.058660922799844806,-9.2217,-58612171.66639924,-9.2761,986554353.5742294,1973685089.485853,1000000000.0,2.32,-74.89083,2024-12-07 06:00:38+00:00,1.861e-05,3125985.59656,2023-10-16 17:23:50+00:00,2026-09-09T12:33:20.000Z
100,Pons,PONS,Pons,['https://coin-images.coingecko.com/coins/images/102174571/large/jhitvkisdq8fhxvimdkpcw7y3dx5.?1784093932'],0.801683,570664025,100.0,559491561.0,137743778.0,0.881778,0.737953,0.060332,8.09313,42744315.0,8.09675,712104762.0614183,712104762.0614183,1000000000.0,0.971034,-17.44021,2026-09-05 17:13:10+00:00,0.00331678,24070.53121,2026-07-17 00:36:50+00:00,2026-09-09T12:33:20.000Z
101,Curve-Dao-Token,CRV,Curve DAO,['https://coin-images.coingecko.com/coins/images/12124/large/Curve.png?1696511967'],0.362319,563686992,101.0,875617944.0,41296583.0,0.37254,0.355443,0.00280351,0.7372,4563064.0,0.81611,1555792187.0,2416737362.039752,3030303031.0,15.37,-97.64301,2020-08-13 16:00:00+00:00,0.170749,112.19371,2026-06-06 05:03:15+00:00,2026-09-09T12:33:20.000Z
102,Flare-Networks,FLR,Flare,['https://coin-images.coingecko.com/coins/images/28624/large/FLR-icon200x200.png?1696527609'],0.00648452,563525419,102.0,690654571.0,3627169.0,0.00663599,0.00644801,-3.8355043598995e-05,-0.59557,-2832484.7153440714,-0.50012,86905216902.96622,106510695675.6981,1000000000.0,0.150073,-95.67909,2023-01-09 19:14:05+00:00,0.00586043,10.64929,2026-08-19 10:09:30+00:00,2026-09-09T12:33:20.000Z
103,Aptos,APT,Aptos,['https://coin-images.coingecko.com/coins/images/26455/large/Aptos-Network-Profile-Picture_%281%29.png?1788259511'],0.652707,560073698,103.0,788196814.0,70588068.0,0.663998,0.632437,0.0054038,0.71427,4273077.0,0.76881,858684825.4244337,1208434868.040685,2100000000.0,19.92,-96.72347,2023-01-26 06:25:17+00:00,0.511162,27.69071,2026-08-30 23:47:30+00:00,2026-09-09T12:33:20.000Z
104,Usual-Usd,USD0,Usual USD,['https://coin-images.coingecko.com/coins/images/38272/large/USD0LOGO.png?1716962811'],0.998711,547746404,104.0,547746404.0,648187.0,0.999089,0.998018,0.00066859,0.06728,-117688.32390737534,-0.02148,548453117.4854735,548453117.4854735,1000000000.0,1.33,-24.66535,2024-07-12 00:28:59+00:00,0.962885,3.72072,2025-04-10 00:30:51+00:00,2026-09-09T12:33:20.000Z
105,Ylds,YLDS,YLDS,['https://coin-images.coingecko.com/coins/images/66486/large/YLDS.png?1772560579'],0.999799,528044552,105.0,528044552.0,14750673.0,0.999976,0.999603,0.00013602,0.0139,4668950.0,0.89208,528150761.22,528150761.22,1000000000.0,1.001,-0.15534,2026-05-28 18:14:00+00:00,0.998383,0.14185,2026-06-30 03:40:10+00:00,2026-09-09T12:33:20.000Z
106,Blockstack,STX,Stacks,['https://coin-images.coingecko.com/coins/images/2069/large/Stacks_Logo_png.png?1709979332'],0.278314,519656893,106.0,519657490.0,13625270.0,0.27605,0.265508,0.01046673,3.94216,20202682.0,4.04495,1865034337.446689,1865069157.338359,1000000000.0,3.86,-92.79787,2024-04-01 04:34:58+00:00,0.04559639,510.38508,2020-03-12 18:29:26+00:00,2026-09-09T12:33:20.000Z
107,Pudgy-Penguins,PENGU,Pudgy Penguins,['https://coin-images.coingecko.com/coins/images/52622/large/PUDGY_PENGUINS_PENGU_PFP.png?1733809110'],0.008184,514445451,107.0,627894810.0,196884805.0,0.00835958,0.00801828,-3.2548725304558e-05,-0.43313,-2049832.3082790375,-0.39687,62860396090.0,76722840871.72363,88888888888.0,0.068447,-88.04326,2024-12-17 05:05:22+00:00,0.00371517,120.28602,2025-04-08 17:31:57+00:00,2026-09-09T12:33:20.000Z
108,Bianrensheng,币安人生,币安人生 (BinanceLife),['https://coin-images.coingecko.com/coins/images/69848/large/%E5%B8%81%E5%AE%89%E4%BA%BA%E7%94%9F.png?1759839225'],0.513787,513868052,108.0,513868052.0,3210813.0,0.522359,0.4975,0.00544591,1.07207,5526567.0,1.08718,1000000000.0,1000000000.0,1000000000.0,0.894202,-42.54238,2026-06-07 10:24:00+00:00,0.03826008,1242.88114,2026-03-29 00:34:00+00:00,2026-09-09T12:33:20.000Z
109,True-Usd,TUSD,TrueUSD,['https://coin-images.coingecko.com/coins/images/3449/large/tusd.png?1696504140'],0.999357,494193040,109.0,494193040.0,12539217.0,0.999693,0.999,6.54e-05,0.00073,28488.0,0.00576,494515083.0,494515083.0,1000000000.0,1.62,-38.25463,2018-08-26 12:41:09+00:00,0.88355,13.10698,2020-03-12 02:47:51+00:00,2026-09-09T12:33:20.000Z
110,Spx6900,SPX,SPX6900,['https://coin-images.coingecko.com/coins/images/31401/large/centeredcoin_%281%29.png?1737048493'],0.528053,491604829,110.0,491604829.0,8193692.0,0.547766,0.515213,-0.004392114614189091,-0.90892,-4094890.079189062,-0.82608,930987335.2481942,930987335.2481942,1000000000.0,2.27,-76.74453,2025-07-28 03:24:33+00:00,0.00131808,39962.20641,2024-02-04 11:12:19+00:00,2026-09-09T12:33:20.000Z
111,Usdtb,USDTB,USDtb,['https://coin-images.coingecko.com/coins/images/52804/large/76357aa8-4ef7-446c-bad3-a3f944eeec7a.jpeg?1758277468'],0.99981,483071263,111.0,483071263.0,822122.0,1.0,0.999655,9.379e-05,0.00967,45311.0,0.00938,483163071.4061826,483163071.4061826,1000000000.0,1.057,-5.41199,2025-09-20 05:20:33+00:00,0.900502,11.02812,2025-07-17 00:05:52+00:00,2026-09-09T12:33:20.000Z
112,Falcon-Finance-Ff,FF,Falcon Finance,['https://coin-images.coingecko.com/coins/images/69121/large/ff.png?1757573403'],0.150825,473623696,112.0,1508355720.0,61418251.0,0.159552,0.139974,0.01495208,10.86244,46983142.0,11.01235,3140000000.0,10000000000.0,10000000000.0,0.770814,-80.43305,2025-09-29 05:02:33+00:00,0.057089,164.19128,2026-07-11 06:59:00+00:00,2026-09-09T12:33:20.000Z
113,Virtual-Protocol,VIRTUAL,Virtuals Protocol,['https://coin-images.coingecko.com/coins/images/34057/large/LOGOMARK.png?1708356054'],0.712466,469015356,113.0,712371571.0,58446883.0,0.73686,0.699047,-0.005265662505830937,-0.83324,-3529150.3604763746,-0.74684,658385841.8252224,1000000000.0,1000000000.0,5.07,-85.93356,2025-01-01 22:15:38+00:00,0.00748604,9417.27051,2024-01-23 12:55:21+00:00,2026-09-09T12:33:20.000Z
114,Euro-Coin,EURC,EURC,['https://coin-images.coingecko.com/coins/images/26045/large/EURC.png?1769615705'],1.16,466317011,114.0,467318228.0,32304365.0,1.16,1.16,0.00305227,0.26414,219844.0,0.04717,400544987.8892455,401404987.8892455,1000000000.0,1.35,-13.89068,2023-03-14 01:50:50+00:00,0.052848,2102.9275,2022-12-08 19:16:34+00:00,2026-09-09T12:33:20.000Z
115,A7A5,A7A5,A7A5,['https://coin-images.coingecko.com/coins/images/66657/large/A7A5_200.png?1750163839'],0.01167485,458034946,115.0,458034946.0,2157.68,0.01186362,0.01160445,0.00014072,1.22036,5523317.0,1.22059,39232603135.55073,39232603135.55073,1000000000.0,0.229635,-94.9159,2025-08-14 15:03:39+00:00,1.048e-05,111326.90981,2025-08-21 09:38:27+00:00,2026-09-09T12:33:20.000Z
116,Hash-2,HASH,Provenance Blockchain,['https://coin-images.coingecko.com/coins/images/66154/large/Hastra_Icon.png?1748497203'],0.00770779,444935454,116.0,732456910.0,2736.84,0.00832823,0.00660986,0.00030576,4.18525,18151297.0,4.25304,57695258942.0,94978475357.64638,100000000000.0,0.060147,-87.18506,2025-09-14 08:52:41+00:00,0.00504616,52.74567,2026-08-14 03:44:40+00:00,2026-09-09T12:33:20.000Z
117,Pyth-Network,PYTH,Pyth Network,['https://coin-images.coingecko.com/coins/images/31924/large/pyth.png?1701245725'],0.05488,432076594,117.0,548671396.0,41778977.0,0.055454,0.052792,0.00088239,1.60216,6847889.0,1.6104,7874961170.052031,10000000000.0,10000000000.0,1.2,-95.41279,2024-03-15 23:01:15+00:00,0.02953453,85.81623,2026-06-06 05:03:00+00:00,2026-09-09T12:33:20.000Z
118,Fetch-Ai,FET,Artificial Superintelligence Alliance,['https://coin-images.coingecko.com/coins/images/5681/large/ASI.png?1719827289'],0.17878,413169027,118.0,485161958.0,86488646.0,0.185873,0.174879,-0.003384014944899177,-1.91201,-7923103.982740402,-1.88156,2311598435.466003,2714384546.672,2714384546.672,3.45,-94.82419,2024-03-28 09:21:18+00:00,0.00816959,2088.36005,2020-03-12 18:24:18+00:00,2026-09-09T12:33:20.000Z
119,Layerzero,ZRO,LayerZero,['https://coin-images.coingecko.com/coins/images/28206/large/ftxG9_TJ_400x400.jpeg?1696527208'],1.14,401097280,119.0,1135245264.0,38575406.0,1.16,1.092,0.01042899,0.90609,3624810.0,0.91197,353313325.89,1000000000.0,1000000000.0,7.47,-84.80959,2024-12-06 06:15:52+00:00,0.707123,60.56827,2026-07-31 09:25:50+00:00,2026-09-09T12:33:20.000Z
120,Celestia,TIA,Celestia,['https://coin-images.coingecko.com/coins/images/31967/large/tia.jpg?1696530772'],0.401795,388226724,120.0,472799619.0,43582603.0,0.421368,0.397623,-0.0190271758437236,-4.55529,-18238696.18052566,-4.48715,966300470.490987,1176803311.776189,1000000000.0,20.85,-98.07303,2024-02-10 06:30:02+00:00,0.279235,43.89116,2026-06-06 05:03:00+00:00,2026-09-09T12:33:20.000Z
121,Midnight-3,NIGHT,Midnight,['https://coin-images.coingecko.com/coins/images/71015/large/midnight.png?1765193080'],0.0230878,383496106,121.0,554205166.0,6884470.0,0.02394264,0.02239236,-0.000390083450018241,-1.67626,-6410564.213217437,-1.64413,16607399400.634954,24000000000.0,24000000000.0,0.118529,-80.52139,2025-12-09 01:29:38+00:00,0.0152398,51.49682,2026-07-20 20:40:30+00:00,2026-09-09T12:33:20.000Z
122,Pieverse,PIEVERSE,Pieverse,['https://coin-images.coingecko.com/coins/images/68773/large/pieverse.png?1756546685'],1.34,366823705,122.0,1335118124.0,12074185.0,1.36,1.16,0.15223,12.88349,41841647.0,12.87506,274750000.0,1000000000.0,1000000000.0,1.67,-19.87892,2026-04-20 05:40:00+00:00,0.119363,1018.48409,2025-11-14 13:01:21+00:00,2026-09-09T12:33:20.000Z
123,Raydium,RAY,Raydium,['https://coin-images.coingecko.com/coins/images/13928/large/PSigc4ie_400x400.jpg?1696513668'],1.34,359616827,123.0,740477267.0,139159164.0,1.47,1.066,0.2577,23.82775,69219912.0,23.83631,269538779.59716,555000000.0,555000000.0,16.83,-92.06856,2021-09-12 12:20:23+00:00,0.134391,893.43414,2022-12-29 14:15:53+00:00,2026-09-09T12:33:20.000Z
124,Pendle,PENDLE,Pendle,['https://coin-images.coingecko.com/coins/images/15069/large/Pendle_Logo_Normal-03.png?1696514728'],2.08,359336077,124.0,584991717.0,50848996.0,2.27,2.06,-0.12217751479035943,-5.49894,-21122613.439050138,-5.55188,172930600.14753246,281527448.4585314,1000000000.0,7.5,-72.3075,2024-04-11 00:25:36+00:00,0.03377729,6051.76551,2022-11-14 12:15:58+00:00,2026-09-09T12:33:20.000Z
125,Akedo,AKE,Akedo,['https://coin-images.coingecko.com/coins/images/68410/large/akedo.png?1755678461'],0.01532506,349736421,125.0,1534184006.0,45250140.0,0.02136256,0.01418025,-0.003731878750900825,-19.48244,-84690400.55256116,-19.49474,22796250000.0,100000000000.0,100000000000.0,0.0363756,-57.86994,2026-09-02 21:45:20+00:00,0.00017407,8703.77115,2026-07-10 12:36:10+00:00,2026-09-09T12:33:20.000Z
126,Bitcoin-Cash-Sv,BSV,Bitcoin SV,['https://coin-images.coingecko.com/coins/images/6799/large/BSV.png?1696507128'],17.01,341645246,126.0,341649127.0,5274231.0,17.24,16.59,0.161747,0.8466,3240593.0,0.95761,20080965.625,20081215.625,21000000.0,489.75,-96.52594,2021-04-16 09:09:04+00:00,10.49,62.26776,2026-06-25 13:59:20+00:00,2026-09-09T12:33:20.000Z
127,Ousg,OUSG,Ondo Short-Term U.S. Government Bond Fund,['https://coin-images.coingecko.com/coins/images/29023/large/OUSG.png?1696527993'],116.5,340399138,127.0,340399138.0,6937077.0,116.5,116.46,0.041245,0.03542,-5448940.279427946,-1.57553,2921926.939235731,2921926.939235731,1000000000.0,116.5,0.0,2026-09-08 23:30:00+00:00,95.09,22.51283,2023-03-22 12:00:17+00:00,2026-09-09T12:33:20.000Z
128,Kinesis-Gold,KAU,Kinesis Gold,['https://coin-images.coingecko.com/coins/images/29788/large/kau-currency-ticker.png?1696528718'],141.72,338178770,128.0,565186653.0,157569.0,143.09,139.81,-0.31212760703365916,-0.21946,-744809.4591534138,-0.21976,2386227.8342,2386227.8342,1000000000.0,206.98,-31.52851,2026-03-01 12:42:08+00:00,44.06,221.68621,2023-04-21 13:02:50+00:00,2026-09-09T12:33:20.000Z
129,Sei-Network,SEI,Sei,['https://coin-images.coingecko.com/coins/images/28205/large/Sei_Logo_-_Transparent.png?1696527207'],0.04995585,336214207,129.0,499328029.0,52879114.0,0.051626,0.04869992,0.00037618,0.73526,2377732.0,0.71224,6733333333.0,10000000000.0,1000000000.0,1.14,-95.61683,2024-03-15 18:30:23+00:00,0.03828368,30.48865,2026-08-18 03:10:20+00:00,2026-09-09T12:33:20.000Z
130,First-Digital-Usd,FDUSD,First Digital USD,['https://coin-images.coingecko.com/coins/images/31079/large/FDUSD_icon_black.png?1731097953'],0.998668,330499468,130.0,330499468.0,119813644.0,0.998922,0.998305,0.00014024,0.01162,-2677010.601256013,-0.80348,330943597.850586,330943597.850586,1000000000.0,1.15,-13.25977,2025-02-02 18:30:49+00:00,0.940377,6.19872,2024-12-05 14:30:51+00:00,2026-09-09T12:33:20.000Z
131,Sofiusd,SOFID,SoFiUSD,['https://coin-images.coingecko.com/coins/images/71688/large/CRY25-3266080_StableCoinLogo.png?1768922282'],0.999528,327039898,131.0,327039898.0,6108705.0,0.999838,0.999405,4.707e-05,0.00499,464268.0,0.14216,327194412.14,327194412.14,1000000000.0,1.002,-0.21305,2026-08-07 03:23:20+00:00,0.991073,0.85312,2026-08-04 13:24:30+00:00,2026-09-09T12:33:20.000Z
132,Sun-Token,SUN,Sun Token,['https://coin-images.coingecko.com/coins/images/12424/large/RSFOmQ.png?1696512245'],0.01688916,324637770,132.0,336097567.0,10935066.0,0.01701209,0.01685775,-0.000102330782210613,-0.62492,-1975817.9994276762,-0.60494,19222181989.37517,19900730000.0,19900730000.0,66.45,-99.97458,2020-09-10 19:18:35+00:00,0.00462303,265.32701,2022-11-13 20:45:13+00:00,2026-09-09T12:33:20.000Z
133,Apxusd,APXUSD,apxUSD,['https://coin-images.coingecko.com/coins/images/102172243/large/apxUSD.png?1772448502'],0.969806,319887407,133.0,319887407.0,2374981.0,0.973076,0.965555,0.00317561,0.32882,1020480.0,0.32003,329846699.3087517,329846699.3087517,1000000000.0,1.012,-4.148,2026-03-12 16:27:03+00:00,0.717601,35.14561,2026-06-26 09:41:20+00:00,2026-09-09T12:33:20.000Z
134,Lido-Dao,LDO,Lido DAO,['https://coin-images.coingecko.com/coins/images/13573/large/Lido_DAO.png?1696513326'],0.382701,319214582,134.0,382681863.0,40220871.0,0.401221,0.379737,-0.008526084559717706,-2.24506,-7128041.766922593,-2.18422,834151322.8543006,1000000000.0,1000000000.0,7.3,-94.75958,2021-08-20 00:35:20+00:00,0.235028,62.83226,2026-06-25 13:59:50+00:00,2026-09-09T12:33:20.000Z
135,Useless-3,USELESS,Useless Coin,['https://coin-images.coingecko.com/coins/images/55684/large/coingeckoupdate.png?1755203747'],0.318407,319125053,135.0,319125053.0,178819267.0,0.33514,0.25614,0.060895,23.73372,61628625.0,23.93378,999940362.02,999940362.02,1000000000.0,0.434591,-26.73406,2025-10-14 06:50:41+00:00,0.00519952,6023.77794,2025-06-05 03:05:59+00:00,2026-09-09T12:33:20.000Z
136,Bittorrent,BTT,BitTorrent,['https://coin-images.coingecko.com/coins/images/22457/large/btt_logo.png?1696521780'],3.17457e-07,312912252,136.0,313851306.0,8943500.0,3.20563e-07,3.02022e-07,1.3884e-08,4.47517,13274173.0,4.43007,987037885840674.8,990000000000000.0,990000000000000.0,3.43e-06,-90.7483,2022-01-20 20:00:31+00:00,2.55018e-07,24.484,2026-08-15 13:30:30+00:00,2026-09-09T12:33:20.000Z
137,Monad,MON,Monad,['https://coin-images.coingecko.com/coins/images/38927/large/mon.png?1766029057'],0.02639076,312011131,137.0,2656554333.0,62435138.0,0.02647342,0.02512873,0.0009909,3.80937,11653606.0,3.87991,11825165000.0,100682925000.0,1000000000.0,0.04882901,-45.9527,2025-11-26 04:21:37+00:00,0.01636691,61.24457,2026-02-05 16:35:18+00:00,2026-09-09T12:33:20.000Z
138,Unibase,UB,Unibase,['https://coin-images.coingecko.com/coins/images/69108/large/unibase.png?1757501820'],0.124302,310769047,138.0,1243076189.0,8846184.0,0.128408,0.120056,-0.001441762179247408,-1.15379,-3589286.9527155757,-1.14178,2500000000.0,10000000000.0,10000000000.0,0.243557,-48.96398,2026-05-15 22:11:00+00:00,0.01029884,1106.94782,2025-09-12 00:06:18+00:00,2026-09-09T12:33:20.000Z
139,Gnosis,GNO,Gnosis,['https://coin-images.coingecko.com/coins/images/662/large/logo_square_simple_300px.png?1696501854'],117.57,310339464,139.0,352713393.0,1111476.0,118.27,116.29,0.572826,0.28669,1506349.0,0.48776,2639589.0,3000000.0,3000000.0,644.2,-81.749,2021-11-08 09:33:29+00:00,6.88,1607.89782,2020-03-12 18:24:11+00:00,2026-09-09T12:33:20.000Z
140,Onyc,ONYC,OnRe Tokenized Reinsurance,['https://coin-images.coingecko.com/coins/images/67072/large/3D_ONYC.png?1779524172'],1.14,305024016,140.0,305027130.0,2350064.0,1.14,1.14,0.00023011,0.02034,2160907.0,0.71349,266780373.5542922,266783097.6909323,1000000000.0,1.17,-1.97119,2026-07-25 16:25:40+00:00,1.005,13.76653,2025-07-24 06:15:46+00:00,2026-09-09T12:33:20.000Z
141,Olympus,OHM,Olympus,['https://coin-images.coingecko.com/coins/images/14483/large/token_OHM_%281%29.png?1696514169'],20.32,303186723,141.0,402748035.0,206639.0,20.66,20.27,-0.1846344997215965,-0.90035,-2794191.644075334,-0.91319,14923657.035606854,19824329.65305443,1000000000.0,1415.26,-98.56451,2021-04-24 16:00:00+00:00,7.54,169.3131,2022-11-26 08:36:26+00:00,2026-09-09T12:33:20.000Z
142,Decred,DCR,Decred,['https://coin-images.coingecko.com/coins/images/329/large/dcr.png?1762890696'],17.2,302660055,142.0,302661915.0,9155170.0,18.73,15.97,1.092,6.77301,19260617.0,6.79628,17596071.55310421,17596200.33885546,21000000.0,247.35,-93.04614,2021-04-16 16:41:14+00:00,0.43154,3885.83069,2016-12-25 16:00:00+00:00,2026-09-09T12:33:20.000Z
143,Terra-Luna,LUNC,Terra Luna Classic,['https://coin-images.coingecko.com/coins/images/8284/large/01_LunaClassic_color.png?1696508486'],5.33e-05,294258881,143.0,343818931.0,8560257.0,5.396e-05,5.238e-05,-1.89852290417e-07,-0.37327,-1638078.611888945,-0.5536,5520265321219.549,6450005286514.159,1000000000.0,119.18,-99.99996,2022-04-05 04:24:58+00:00,9.99967e-07,5230.41117,2022-05-12 18:34:40+00:00,2026-09-09T12:33:20.000Z
144,Usdai,USDAI,USDai,['https://coin-images.coingecko.com/coins/images/55857/large/USDai_Token_Full_Glyph.png?1755229050'],0.999885,288199762,144.0,288199762.0,2344394.0,1.001,0.999863,-3.8221557779106e-05,-0.00353,2719783.0,0.95271,288232955.7843374,288232955.7843374,1000000000.0,1.19,-15.8273,2025-09-04 08:12:39+00:00,0.769779,29.8925,2025-09-26 12:45:27+00:00,2026-09-09T12:33:20.000Z
145,Tezos,XTZ,Tezos,['https://coin-images.coingecko.com/coins/images/976/large/Tezos-logo.png?1696502091'],0.262505,288185359,145.0,293440331.0,29283329.0,0.272648,0.232527,0.02567067,10.8037,28707795.0,11.06369,1095696331.29443,1115677528.71032,1000000000.0,9.12,-97.12042,2021-10-03 16:41:18+00:00,0.191836,36.83801,2026-08-12 22:02:10+00:00,2026-09-09T12:33:20.000Z
146,Kite-2,KITE,Kite,['https://coin-images.coingecko.com/coins/images/70426/large/KITE-ICON.png?1762328605'],0.114259,273284476,146.0,1142877768.0,10763269.0,0.116457,0.112263,-0.00303217769449679,-2.61025,-7181829.020249009,-2.56067,2391196012.0,10000000000.0,10000000000.0,0.319747,-64.26581,2026-03-06 02:30:09+00:00,0.061819,84.82744,2025-11-04 00:21:02+00:00,2026-09-09T12:33:20.000Z
147,Plasma,XPL,Plasma,['https://coin-images.coingecko.com/coins/images/66489/large/Plasma-symbol-green-1.png?1755142558'],0.09696,269368724,147.0,969727407.0,62955220.0,0.100964,0.093204,0.00233101,2.47297,6511051.0,2.47703,2777777777.7778,10000000000.0,1000000000.0,1.68,-94.23757,2025-09-27 17:31:40+00:00,0.060147,61.20349,2026-06-10 22:12:40+00:00,2026-09-09T12:33:20.000Z
148,Bonk,BONK,Bonk,['https://coin-images.coingecko.com/coins/images/28600/large/bonk.jpg?1696527587'],3.04e-06,267750456,148.0,267750456.0,39406278.0,3.12e-06,3e-06,-7.0043739447e-08,-2.111,-6103171.456961751,-2.22863,87994532643405.83,87994532643556.67,87995282867000.55,5.825e-05,-94.77748,2024-11-19 20:01:06+00:00,8.6142e-08,3431.5037,2022-12-29 14:48:46+00:00,2026-09-09T12:33:20.000Z
149,Syrup,SYRUP,Maple Finance,['https://coin-images.coingecko.com/coins/images/51232/large/_syrup_token_logo.png?1747292046'],0.226433,264330121,149.0,281858696.0,10748425.0,0.235829,0.22239,-0.010504264306776145,-4.40706,-12240454.184883714,-4.4258,1167271959.1810675,1244677492.511099,1000000000.0,0.653229,-65.33632,2025-06-25 06:15:45+00:00,0.085229,165.67561,2025-04-06 23:46:35+00:00,2026-09-09T12:33:20.000Z
150,Conflux-Token,CFX,Conflux,['https://coin-images.coingecko.com/coins/images/13079/large/3vuYMbjN.png?1696512867'],0.0496721,260179836,150.0,260202413.0,4253387.0,0.050189,0.04841574,0.00039706,0.77031,2089748.0,0.8097,5237744792.76,5238200846.66,1000000000.0,1.7,-97.07957,2021-03-26 19:43:35+00:00,0.02199898,125.7927,2022-12-30 00:16:30+00:00,2026-09-09T12:33:20.000Z
151,Re-Protocol-Reusd,REUSD,Re Protocol reUSD,['https://coin-images.coingecko.com/coins/images/66291/large/Points_Program_Group_91.png?1749676055'],1.1,257176603,151.0,257176351.0,4125192.0,1.1,1.099,0.00047895,0.04161,3837044.0,1.51459,233864869.3989876,233864639.6157226,1000000000.0,1.1,-0.31849,2026-08-24 22:10:30+00:00,0.873393,25.90898,2025-07-17 00:04:08+00:00,2026-09-09T12:33:20.000Z
152,Ethereum-Name-Service,ENS,Ethereum Name Service,['https://coin-images.coingecko.com/coins/images/19785/large/ENS.jpg?1727872989'],6.09,256369150,152.0,609312116.0,23802238.0,6.52,5.91,-0.008746278545974207,-0.24218,-402245.688008368,-0.15666,42075176.731430925,100000000.0,100000000.0,83.4,-92.69349,2021-11-10 18:20:01+00:00,3.77,61.49033,2026-08-18 02:57:10+00:00,2026-09-09T12:33:20.000Z
153,Floki,FLOKI,FLOKI,['https://coin-images.coingecko.com/coins/images/16746/large/PNG_image.png?1696516318'],2.629e-05,253569650,153.0,253569650.0,18812628.0,2.684e-05,2.569e-05,6.1128e-08,0.21638,218969.0,0.14934,9644814882750.928,9644814882750.928,20000000000000.0,0.00034495,-92.37822,2024-06-04 23:25:59+00:00,8.428e-08,31095.22058,2021-07-05 17:11:20+00:00,2026-09-09T12:33:20.000Z
154,Reallink,REAL,RealLink,['https://coin-images.coingecko.com/coins/images/20665/large/TGBfBt6Y2Dm3RHdNpZAdqywBsvfdysf834.jpeg?1749135788'],0.074476,252847392,154.0,252847392.0,5288066.0,0.074688,0.07148,0.00204886,2.66238,6783199.0,2.75668,3398616475.0,3398616475.0,1000000000.0,0.99069,-92.48241,2023-01-02 00:58:38+00:00,0.00023002,32277.72398,2023-05-09 06:26:07+00:00,2026-09-09T12:33:20.000Z
155,Agora-Dollar,AUSD,AUSD,['https://coin-images.coingecko.com/coins/images/39284/large/AUSD_1024px.png?1764684132'],0.999674,250789420,155.0,250789420.0,10783013.0,1.0,0.999482,3.213e-05,0.0032,-3662659.0642409027,-1.43943,250871227.833013,250871227.833013,1000000000.0,1.022,-2.15074,2024-10-05 13:15:26+00:00,0.950515,5.17176,2024-12-05 14:30:43+00:00,2026-09-09T12:33:20.000Z
156,Ape-And-Pepe,APEPE,Ape and Pepe,['https://coin-images.coingecko.com/coins/images/39614/large/APEPE_200.png?1723142351'],1.19e-06,249336234,156.0,249336234.0,9720875.0,1.2e-06,1.17e-06,9.099e-09,0.78241,1895417.0,0.76601,210000000000000.0,210000000000000.0,210000000000000.0,6.89e-06,-82.76173,2024-11-21 18:30:11+00:00,6.54916e-07,81.30398,2025-09-17 05:43:50+00:00,2026-09-09T12:33:20.000Z
157,Kinesis-Silver,KAG,Kinesis Silver,['https://coin-images.coingecko.com/coins/images/29789/large/kag-currency-ticker.png?1696528719'],66.2,246401551,157.0,243245954.0,353783.0,67.06,65.65,-0.2347779023490233,-0.35309,-873836.2246463597,-0.35339,3721963.8196,3777096.9336,1000000000.0,130.0,-49.07536,2026-02-01 23:20:32+00:00,4.36,1417.32308,2024-02-11 06:01:27+00:00,2026-09-09T12:33:20.000Z
158,Grass,GRASS,Grass,['https://coin-images.coingecko.com/coins/images/40094/large/Grass.jpg?1725697048'],0.364017,246120584,158.0,363533799.0,21814690.0,0.375386,0.321062,0.03620682,10.88266,24185616.0,10.89761,677022560.0,1000000000.0,1000000000.0,3.89,-90.64765,2024-11-08 04:26:05+00:00,0.166785,118.25496,2026-02-05 16:21:51+00:00,2026-09-09T12:33:20.000Z
159,Optimism,OP,Optimism,['https://coin-images.coingecko.com/coins/images/25244/large/Token.png?1774456081'],0.104299,239784259,159.0,447840654.0,58852589.0,0.108867,0.102576,-0.004473324217299665,-4.26333,-9086746.450867832,-3.65119,2299624975.0,4294967296.0,4294967296.0,4.84,-97.84698,2024-03-06 00:35:50+00:00,0.080689,29.26105,2026-08-18 03:31:10+00:00,2026-09-09T12:33:20.000Z
160,Trust-Wallet-Token,TWT,Trust Wallet,['https://coin-images.coingecko.com/coins/images/11085/large/Trust.png?1696511026'],0.571414,238079731,160.0,571414348.0,9172049.0,0.582647,0.557763,0.00094902,0.17939,395475.0,0.16639,416649900.0,1000000000.0,1000000000.0,2.72,-78.99914,2022-12-11 15:25:46+00:00,0.00277641,20481.03611,2020-06-09 01:15:06+00:00,2026-09-09T12:33:20.000Z
161,Usx,USX,USX,['https://coin-images.coingecko.com/coins/images/68429/large/Solstice_Icons_for_DEX_512x512_USX.png?1755718377'],0.999438,235701540,161.0,235701540.0,11346814.0,0.999669,0.998455,8.239e-05,0.00854,-2179881.1407980025,-0.91637,235834026.803937,235834026.803937,1000000000.0,1.21,-17.39274,2026-07-14 11:48:30+00:00,0.828472,20.63634,2025-12-25 20:30:55+00:00,2026-09-09T12:33:20.000Z
162,Jito-Governance-Token,JTO,Jito,['https://coin-images.coingecko.com/coins/images/33228/large/jto.png?1701137022'],0.453061,235187619,162.0,452877377.0,42499224.0,0.465734,0.438511,0.01018559,2.18792,5354769.0,2.32985,519318541.1,1000000000.0,1000000000.0,6.01,-92.46598,2023-12-07 08:04:48+00:00,0.218137,107.69604,2026-02-05 16:30:39+00:00,2026-09-09T12:33:20.000Z
163,Bnb48-Club-Token,KOGE,KOGE,['https://coin-images.coingecko.com/coins/images/13827/large/bnb48.png?1696513570'],69.5,234893335,163.0,234893335.0,9744.31,69.89,69.48,-0.41705681560024743,-0.59541,-1409690.8062116802,-0.59656,3379997.6,3379997.6,3379997.0,141.45,-50.86821,2026-08-17 05:16:20+00:00,1.19,5733.2328,2021-02-01 07:55:03+00:00,2026-09-09T12:33:20.000Z
164,Apenft,NFT,AINFT,['https://coin-images.coingecko.com/coins/images/15687/large/AINFT.png?1761099340'],2.35555e-07,233224041,164.0,233224041.0,5164742.0,2.37701e-07,2.30697e-07,1.308e-09,0.56528,1295215.0,0.55845,990105592982874.8,990105592982874.8,999990000000000.0,7.53e-06,-96.8718,2021-09-04 16:10:47+00:00,2.30697e-07,2.1055,2026-09-08 15:43:30+00:00,2026-09-09T12:33:20.000Z
165,Artificial-Inu-3,AI,Artificial Inu,['https://coin-images.coingecko.com/coins/images/102176647/large/5ou9sb7h478ezv28urbjpzf1fl3e.?1788401429'],0.228687,226654324,165.0,226653946.0,22127795.0,0.258842,0.217232,-0.01928118667929493,-7.80017,-19178769.271569103,-7.80154,991380858.3643386,991379205.6876928,1000000000.0,0.317679,-28.01312,2026-09-05 15:37:40+00:00,0.00105288,21620.17667,2026-07-20 13:37:00+00:00,2026-09-09T12:33:20.000Z
166,Starknet,STRK,Starknet,['https://coin-images.coingecko.com/coins/images/26433/large/starknet.png?1696525507'],0.03145,225659138,166.0,314221906.0,29423054.0,0.03189815,0.02957478,0.00080687,2.46918,5594866.0,2.54238,7181521515.171522,10000000000.0,10000000000.0,4.41,-99.28744,2024-02-20 04:05:13+00:00,0.02221422,41.57599,2026-08-18 03:13:20+00:00,2026-09-09T12:33:20.000Z
167,Crvusd,CRVUSD,crvUSD,['https://coin-images.coingecko.com/coins/images/30118/large/crvusd.jpg?1746670973'],0.999772,217800542,167.0,217800542.0,12007669.0,1.0,0.998494,0.00013668,0.01295,-8704767.399204433,-3.84307,217851243.6651674,217851243.6651674,1000000000.0,1.11,-9.61911,2024-06-12 19:27:06+00:00,0.949016,5.34828,2023-08-07 22:24:06+00:00,2026-09-09T12:33:20.000Z
168,Frax,FRAX,Legacy Frax Dollar,['https://coin-images.coingecko.com/coins/images/13422/large/LFRAX.png?1751911193'],0.992328,217637377,168.0,217637377.0,363233.0,0.99249,0.991143,0.00074866,0.07572,164109.0,0.07546,219320045.8726003,219320045.8726003,1000000000.0,1.66,-40.33646,2026-03-30 09:51:00+00:00,0.249813,297.22886,2026-06-24 07:27:10+00:00,2026-09-09T12:33:20.000Z
169,Dogwifcoin,WIF,dogwifhat,['https://coin-images.coingecko.com/coins/images/33566/large/dogwifhat.jpg?1702499428'],0.215938,215681899,169.0,215681899.0,46564602.0,0.221669,0.209838,-0.001815107989731585,-0.89054,-1837290.9856317937,-0.84466,998926392.0,998926392.0,998926392.0,4.83,-95.52503,2024-03-31 01:34:58+00:00,0.00155464,13789.91347,2023-12-12 23:13:50+00:00,2026-09-09T12:33:20.000Z
170,The-Graph,GRT,The Graph,['https://coin-images.coingecko.com/coins/images/13397/large/Graph_Token.png?1696513159'],0.01938029,212052455,170.0,225070110.0,18851137.0,0.01990142,0.01892684,-4.1982491441998e-05,-0.2335,-452876.67397496104,-0.21311,10941320353.043917,11612995353.0437,1000000000.0,2.84,-99.31795,2021-02-11 23:28:45+00:00,0.01297915,49.31864,2026-08-18 03:16:20+00:00,2026-09-09T12:33:20.000Z
171,Ribbita-By-Virtuals,TIBBIR,Ribbita by Virtuals,['https://coin-images.coingecko.com/coins/images/54970/large/Untitled_design.png?1742941268'],0.2112,211170781,171.0,211170781.0,3566639.0,0.216273,0.198895,-0.003544003453001987,-1.81551,-3552801.2642766237,-1.65459,999904783.4343679,999904783.4343679,1000000000.0,0.440027,-52.00295,2025-10-28 03:23:32+00:00,0.01032004,1946.50336,2025-04-06 23:41:29+00:00,2026-09-09T12:33:20.000Z
172,Jasmycoin,JASMY,JasmyCoin,['https://coin-images.coingecko.com/coins/images/13876/large/JASMY200x200.jpg?1696513620'],0.00422143,208704581,172.0,211047206.0,8312227.0,0.00429791,0.00409808,-1.1977458177086e-05,-0.26536,-616463.689602375,-0.29451,49444999677.59027,50000000000.0,50000000000.0,4.79,-99.91187,2021-02-15 19:53:32+00:00,0.00275026,53.49195,2022-12-29 12:41:09+00:00,2026-09-09T12:33:20.000Z
173,Convex-Finance,CVX,Convex Finance,['https://coin-images.coingecko.com/coins/images/15585/large/convex.png?1696515221'],2.23,207580274,173.0,222715285.0,5574230.0,2.26,2.17,-0.01564301753256636,-0.87319,-1724342.007166922,-0.82384,93194518.49512771,99989481.58706358,100000000.0,60.09,-96.28822,2022-01-01 10:04:03+00:00,1.038,114.91488,2026-07-01 01:13:40+00:00,2026-09-09T12:33:20.000Z
174,Compound-Governance-Token,COMP,Compound,['https://coin-images.coingecko.com/coins/images/10775/large/COMP.png?1696510737'],20.64,206371944,174.0,206371944.0,24163727.0,21.55,20.42,-0.8332852863592066,-3.88921,-8345409.630666703,-3.8867,10000000.0,10000000.0,10000000.0,854.45,-97.58459,2021-05-11 16:00:00+00:00,14.86,38.93017,2026-06-25 13:59:30+00:00,2026-09-09T12:33:20.000Z
175,Edgex,EDGE,edgeX,['https://coin-images.coingecko.com/coins/images/102172616/large/edgex.png?1774332310'],0.579937,202933108,175.0,579808881.0,4444629.0,0.596917,0.554007,0.01256569,2.19043,4353048.0,2.19209,350000000.0,1000000000.0,1000000000.0,1.54,-62.39208,2026-05-22 00:24:00+00:00,0.23746,144.22563,2026-07-05 09:44:00+00:00,2026-09-09T12:33:20.000Z
176,Tradable-Na-Rent-Financing-Platform-Sstn,PC0000031,Tradable NA Rent Financing Platform SSTN,['https://coin-images.coingecko.com/coins/images/66150/large/tradable.jpg?1748488921'],1.0,202500000,176.0,202500000.0,6937077.0,1.0,1.0,0.0,0.0,0.0,0.0,202500000.0,202500000.0,400000000.0,189500000.0,-100.0,2025-05-28 19:45:11+00:00,1.0,0.0,2026-07-23 07:25:00+00:00,2026-09-09T12:33:20.000Z
177,Grx-Chain,GRX,GRX Chain,['https://coin-images.coingecko.com/coins/images/71011/large/Untitled_design_%283%29.png?1765178472'],21.18,201469849,177.0,211755652.0,3166739.0,21.29,21.08,-0.08206656120115596,-0.38569,-780650.6637221575,-0.38598,9512395.0,9998039.0,10000000.0,21.31,-0.61252,2026-07-26 00:23:50+00:00,0.868057,2339.90063,2026-02-14 09:00:45+00:00,2026-09-09T12:33:20.000Z
178,Eigenlayer,EIGEN,EigenCloud (prev. EigenLayer),['https://coin-images.coingecko.com/coins/images/37441/large/eigencloud.jpg?1751003565'],0.217362,200090664,178.0,399960230.0,19465735.0,0.224366,0.208082,0.00096294,0.3804,879543.0,0.44151,920571741.8530836,1840126261.794892,1000000000.0,5.65,-96.14997,2024-12-16 19:45:30+00:00,0.148314,46.55586,2026-04-05 13:28:00+00:00,2026-09-09T12:33:20.000Z
179,Kaia,KAIA,Kaia,['https://coin-images.coingecko.com/coins/images/39901/large/KAIA.png?1724734368'],0.03100434,198838732,179.0,198840427.0,3906639.0,0.03228429,0.03036417,0.00019056,0.80934,1196488.0,0.60538,6414957883.95686,6415007408.617777,1000000000.0,0.406698,-92.37657,2024-12-02 16:11:32+00:00,0.02166246,43.12474,2026-08-19 01:04:10+00:00,2026-09-09T12:33:20.000Z
180,Iota,IOTA,IOTA,['https://coin-images.coingecko.com/coins/images/692/large/IOTA_Thumbnail_%281%29.png?1743772896'],0.0425479,197148597,180.0,211894434.0,14303926.0,0.04350654,0.04124929,0.00035051,0.84432,1768584.0,0.9052,4630910911.0,4977282420.0,1000000000.0,5.25,-99.18938,2017-12-18 16:00:00+00:00,0.03112513,36.69949,2026-07-31 14:11:00+00:00,2026-09-09T12:33:20.000Z
181,Stonk-3,STONK,STONK,['https://coin-images.coingecko.com/coins/images/102175239/large/tscmgapqpfx5j4hu8gbs3aj85s7a.?1785895603'],0.227701,196740135,181.0,196700233.0,101390421.0,0.225602,0.13946,0.078149,50.87054,66815104.0,51.42589,864025977.317839,863850741.6999208,1000000000.0,0.227702,-7e-05,2026-09-09 12:33:20+00:00,0.00174774,12928.36994,2026-08-05 19:16:30+00:00,2026-09-09T12:33:20.000Z
182,Build-On,B,BUILDon,['https://coin-images.coingecko.com/coins/images/55974/large/T7asvmCb_400x400.jpg?1747902862'],0.194138,194162895,182.0,194162895.0,5043562.0,0.199439,0.181304,0.010101,5.49852,10125643.0,5.50195,1000000000.0,1000000000.0,1000000000.0,0.762588,-74.54217,2026-05-14 04:09:00+00:00,0.082973,133.97767,2025-10-10 13:31:21+00:00,2026-09-09T12:33:20.000Z
183,Societe-Generale-Forge-Eurcv,EURCV,EUR CoinVertible,['https://coin-images.coingecko.com/coins/images/33415/large/eurcv_%281%29.png?1701752017'],1.16,192792807,183.0,192792807.0,33642196.0,1.16,1.16,0.00254508,0.24125,6798948.0,3.65547,165643058.31,165643058.31,1000000000.0,1.22,-4.45888,2026-01-26 21:25:46+00:00,0.988513,17.74301,2025-02-04 14:15:33+00:00,2026-09-09T12:33:20.000Z
184,Cash-Cat,CASHCAT,Cash Cat,['https://coin-images.coingecko.com/coins/images/102174280/large/cashcat-logo.jpg?1782922765'],0.191726,189340349,184.0,189340349.0,35915819.0,0.204537,0.166528,0.01735411,10.0757,17010539.0,9.87092,988287275.6543044,988287275.6543044,1000000000.0,0.314297,-38.99839,2026-09-03 21:42:00+00:00,0.00160429,11850.82327,2026-07-01 18:44:30+00:00,2026-09-09T12:33:20.000Z
185,Arweave,AR,Arweave,['https://coin-images.coingecko.com/coins/images/4343/large/oRt6SiEN_400x400.jpg?1696504946'],2.85,186952011,185.0,186952011.0,12379750.0,2.94,2.78,-0.06637215540492614,-2.51224,-4433018.410506099,-2.31628,65652466.0,65652466.0,66000000.0,89.24,-96.80759,2021-11-04 20:14:42+00:00,0.298788,853.43712,2020-01-30 22:47:36+00:00,2026-09-09T12:33:20.000Z
186,Zebec-Network,ZBCN,Zebec Network,['https://coin-images.coingecko.com/coins/images/37052/large/zbcn.jpeg?1713168241'],0.00186709,186687209,186.0,186687209.0,3046581.0,0.00187946,0.00175032,9.53e-05,5.52933,9510561.0,5.36784,99998774071.03647,99998774070.44577,100000000000.0,0.00700261,-73.33728,2025-05-29 19:20:44+00:00,0.00069854,167.28404,2024-08-05 05:31:51+00:00,2026-09-09T12:33:20.000Z
187,Apyusd,APYUSD,apyUSD,['https://coin-images.coingecko.com/coins/images/102172527/large/apyUSD.png?1773763322'],1.37,186186443,187.0,186186443.0,526593.0,1.37,1.36,0.00196147,0.14391,267728.0,0.144,136129425.1091296,136129425.1091296,1000000000.0,4799.87,-99.97151,2026-04-16 06:11:00+00:00,0.97356,40.48615,2026-06-26 13:36:00+00:00,2026-09-09T12:33:20.000Z
188,Usa,USAT,USAT,['https://coin-images.coingecko.com/coins/images/71792/large/usat_logo_200x200.png?1769440161'],0.999264,184181827,188.0,184181827.0,332175.0,0.999656,0.998767,6.645e-05,0.00756,12203.42,0.00663,184317598.5,184317598.5,1000000000.0,1.002,-0.31499,2026-03-30 13:45:00+00:00,0.99608,0.3196,2026-03-08 05:50:20+00:00,2026-09-09T12:33:20.000Z
189,Theta-Token,THETA,Theta Network,['https://coin-images.coingecko.com/coins/images/2538/large/theta-token-logo.png?1696503349'],0.182096,182105786,189.0,182105786.0,2250002.0,0.184261,0.177441,0.00012542,0.09016,135385.0,0.0744,1000000000.0,1000000000.0,1000000000.0,15.72,-98.84161,2021-04-16 05:15:11+00:00,0.04039979,350.73453,2020-03-12 18:24:16+00:00,2026-09-09T12:33:20.000Z
190,Telcoin,TEL,Telcoin,['https://coin-images.coingecko.com/coins/images/1899/large/tel.png?1696502892'],0.00180126,177705608,190.0,180099282.0,851060.0,0.00181147,0.00171268,7.381e-05,4.24542,7256495.0,4.25728,98670914241.98,100000000000.0,100000000000.0,0.064483,-97.20659,2021-05-10 16:32:24+00:00,6.474e-05,2682.46635,2020-03-12 18:24:47+00:00,2026-09-09T12:33:20.000Z
191,Doublezero,2Z,DoubleZero,['https://coin-images.coingecko.com/coins/images/68339/large/Coingecko_-_PFP.png?1755694420'],0.051058,177144604,191.0,510478748.0,11127614.0,0.053309,0.050234,0.0001513,0.26804,524999.0,0.29725,3469501062.3,9998083565.3,10000000000.0,0.893679,-94.28681,2025-10-02 05:11:45+00:00,0.0462912,10.2965,2026-08-19 02:41:10+00:00,2026-09-09T12:33:20.000Z
192,Ultima,ULTIMA,Ultima,['https://coin-images.coingecko.com/coins/images/31844/large/ULTIMA-200x200.png?1763090865'],2081.83,176331600,192.0,208164046.0,6900364.0,2203.22,2078.37,-28.492023366983176,-1.35712,-2429656.6008931696,-1.35916,84708.0,100000.0,100000.0,22851.0,-90.88939,2025-02-14 03:01:57+00:00,1734.24,20.04282,2026-06-30 22:05:00+00:00,2026-09-09T12:33:20.000Z
193,Akash-Network,AKT,Akash Network,['https://coin-images.coingecko.com/coins/images/12785/large/akash-logo.png?1696512580'],0.592435,176291929,193.0,176326534.0,6779291.0,0.610024,0.541703,0.03768694,6.77227,11207451.0,6.78892,297584815.850718,297644350.078497,388539008.0,8.07,-92.66332,2021-04-06 10:59:48+00:00,0.164994,259.06477,2022-11-21 12:30:53+00:00,2026-09-09T12:33:20.000Z
194,Swissborg,BORG,SwissBorg,['https://coin-images.coingecko.com/coins/images/2117/large/YJUrRy7r_400x400.png?1696503083'],0.178544,175214820,194.0,175214820.0,191349.0,0.183003,0.17656,-0.003792669230000711,-2.02512,-3721946.1877119243,-2.08003,981352443.442,981352443.442,1000000000.0,1.64,-89.11235,2021-05-04 09:14:50+00:00,0.00502687,3451.79533,2019-07-27 16:00:00+00:00,2026-09-09T12:33:20.000Z
195,Unifai-Network,UAI,UnifAI Network,['https://coin-images.coingecko.com/coins/images/70521/large/uai.png?1762323485'],0.732245,175008825,195.0,732254499.0,14998135.0,0.75735,0.62693,-0.00581441058130594,-0.82058,-1387334.5185432732,-0.78649,239000000.0,1000000000.0,1000000000.0,0.767293,-4.56775,2026-09-08 05:07:30+00:00,0.06003,1119.8031,2025-11-06 15:21:15+00:00,2026-09-09T12:33:20.000Z
196,Coco-2,COCO,coco,['https://coin-images.coingecko.com/coins/images/71124/large/%E6%9C%AA%E5%91%BD%E5%90%8D%E7%9A%84%E8%AE%BE%E8%AE%A1_%2821%29.png?1765893957'],0.173093,173092606,196.0,173092606.0,39634.0,0.173305,0.171839,0.00017565,0.09438,175618.0,0.10156,1000000000.0,1000000000.0,1000000000.0,0.35491,-51.22908,2026-05-06 18:25:00+00:00,0.00180419,9493.93672,2026-03-26 09:32:00+00:00,2026-09-09T12:33:20.000Z
197,Spiko-Us-T-Bills-Money-Market-Fund,USTBL,Spiko US T-Bills Money Market Fund,['https://coin-images.coingecko.com/coins/images/39666/large/USTB.png?1723541269'],1.095,171670491,197.0,171670491.0,6937077.0,1.095,1.095,0.000376,0.03434,1377931.0,0.80916,156717594.96334,156717594.96334,1000000000.0,1.095,0.0,2026-09-08 14:40:10+00:00,1.013,8.17644,2024-08-19 23:05:13+00:00,2026-09-09T12:33:20.000Z
198,Fartcoin,FARTCOIN,Fartcoin,['https://coin-images.coingecko.com/coins/images/50891/large/fart.jpg?1729503972'],0.169664,169626577,198.0,169626577.0,34045972.0,0.17503,0.163355,-0.001895558813273163,-1.19738,-1929044.8663507402,-1.12444,999973890.188857,999973890.188857,1000000000.0,2.48,-93.15558,2025-01-19 12:41:07+00:00,0.02002855,747.11334,2024-10-29 23:56:04+00:00,2026-09-09T12:33:20.000Z
199,Non-Playable-Coin,NPC,Non-Playable Coin,['https://coin-images.coingecko.com/coins/images/31193/large/NPC_200x200.png?1696530021'],0.0210293,169259828,199.0,169259828.0,7300280.0,0.02192825,0.01853314,0.00249001,13.44652,20016158.0,13.41173,8050126520.0,8050126520.0,8050126520.0,0.066169,-68.21889,2024-11-18 00:46:10+00:00,4.561e-05,46004.48241,2023-08-13 04:00:49+00:00,2026-09-09T12:33:20.000Z
200,Axie-Infinity,AXS,Axie Infinity,['https://coin-images.coingecko.com/coins/images/13029/large/axie_infinity_logo.png?1696512817'],0.957491,166999070,200.0,258503039.0,22261174.0,0.977372,0.944182,-0.004402560558293245,-0.47496,-780476.0557368696,-0.46518,174426379.00134403,270000000.0,270000000.0,164.9,-99.41934,2021-11-06 11:29:29+00:00,0.123718,673.92921,2020-11-06 00:05:43+00:00,2026-09-09T12:33:20.000Z
201,Safo,SAFO,Spiko Amundi Overnight Swap Fund,['https://coin-images.coingecko.com/coins/images/102172590/large/Fund_usdSAFO.png?1774104804'],1.02,165379312,201.0,165379312.0,6937077.0,1.02,1.02,0.0,0.0,-9.286868810653687,-1e-05,162150410.58903,162150410.58903,1000000000.0,1.02,-0.00069,2026-09-04 15:00:00+00:00,1.015,0.51771,2026-07-23 04:25:10+00:00,2026-09-09T12:33:20.000Z
202,Mx-Token,MX,MX,['https://coin-images.coingecko.com/coins/images/8545/large/mexc.jpg?1747142259'],1.78,163543370,202.0,728388955.0,3323217.0,1.78,1.74,0.0417331,2.41718,3832655.0,2.39975,91837334.0,409024834.0,1000000000.0,5.85,-69.58311,2024-04-09 14:10:39+00:00,0.04218457,4121.43438,2019-11-24 21:59:45+00:00,2026-09-09T12:33:20.000Z
203,Derive,DRV,Derive,['https://coin-images.coingecko.com/coins/images/52889/large/Token_Logo.png?1734601695'],0.162832,162906564,203.0,244430918.0,4115221.0,0.166419,0.16135,0.00083285,0.60475,954203.0,0.58919,999709236.5643373,1500000000.0,1500000000.0,0.228265,-28.66518,2025-01-14 19:52:14+00:00,0.01243699,1209.25801,2025-04-07 05:31:06+00:00,2026-09-09T12:33:20.000Z
204,Tradable-Apac-Diversified-Finance-Provider-Sstn,PC0000033,Tradable APAC Diversified Finance Provider SSTN,['https://coin-images.coingecko.com/coins/images/66798/large/tradable.jpg?1750576460'],1.0,162500000,204.0,162500000.0,6937077.0,1.0,1.0,0.0,0.0,0.0,0.0,162500000.0,162500000.0,300000000.0,1.0,0.0,2025-07-03 02:25:05+00:00,1.0,0.0,2026-07-23 07:25:00+00:00,2026-09-09T12:33:20.000Z
205,Humanity,H,Humanity,['https://coin-images.coingecko.com/coins/images/66811/large/H_tokenLogo_original.png?1750581252'],0.081018,161328831,205.0,809971803.0,2693945.0,0.082398,0.077304,0.00157682,1.95035,3098905.0,1.95848,1991783293.9029999,10000000000.0,10000000000.0,0.853746,-90.51027,2026-06-02 07:27:00+00:00,0.01810273,347.54658,2025-06-26 17:20:39+00:00,2026-09-09T12:33:20.000Z
206,Thorchain,RUNE,THORChain,['https://coin-images.coingecko.com/coins/images/6595/large/THORChain_RUNE_Token.png?1782452363'],0.490716,161114694,206.0,173522695.0,63237387.0,0.496167,0.476692,0.006875,1.31571,2088912.0,1.31357,328667674.0,353979459.0,353979459.0,20.87,-97.64843,2021-05-18 16:30:09+00:00,0.00851264,5664.5604,2019-09-27 16:00:00+00:00,2026-09-09T12:33:20.000Z
207,Neo,NEO,NEO,['https://coin-images.coingecko.com/coins/images/480/large/NEO_512_512.png?1696501735'],2.28,160489153,207.0,227547360.0,3783672.0,2.3,2.16,0.080577,3.67369,5677653.0,3.66746,70530000.0,100000000.0,1000000000.0,198.38,-98.85294,2018-01-14 16:00:00+00:00,0.078349,2804.36334,2016-10-20 16:00:00+00:00,2026-09-09T12:33:20.000Z
208,Chain-2,XCN,Onyxcoin,['https://coin-images.coingecko.com/coins/images/24210/large/onyxlogo.jpg?1696523397'],0.00397875,156467992,208.0,212508347.0,3951699.0,0.00408257,0.00385981,-2.8835951226108e-05,-0.61842,-1108873.5549868047,-0.7037,39319725376.78371,53402422627.324425,68892071756.9,0.184139,-97.83927,2022-05-27 03:45:24+00:00,0.0007055,463.96009,2023-10-11 12:12:02+00:00,2026-09-09T12:33:20.000Z
209,Seeker,SKR,Seeker,['https://coin-images.coingecko.com/coins/images/70974/large/seeker-logo.jpg?1764922774'],0.02224842,155862967,209.0,236286012.0,19879505.0,0.02525258,0.02107184,0.00057935,3.10088,4679051.0,3.09494,6976938951.766043,10576938951.76604,1000000000.0,0.055818,-60.14135,2026-01-21 19:32:20+00:00,0.00542271,310.28197,2026-01-20 18:11:35+00:00,2026-09-09T12:33:20.000Z
210,Vision-3,VSN,Vision,['https://coin-images.coingecko.com/coins/images/67399/large/Logo-Vision-Symbol-BG-Green.png?1752676915'],0.04128849,155203386,210.0,173411242.0,3355608.0,0.04217066,0.03978106,0.00106752,2.83451,4014482.0,2.65528,3759007858.1948447,4200000000.0,4200000000.0,0.223874,-81.55725,2025-08-11 03:13:12+00:00,0.02840819,45.34012,2026-06-06 05:10:30+00:00,2026-09-09T12:33:20.000Z
211,Antfun,ANTFUN,AntFun,['https://coin-images.coingecko.com/coins/images/102174619/large/antfun_logo_200x200_transparent.png?1784200901'],0.082038,154837088,211.0,693243299.0,15892429.0,0.082536,0.080112,0.00158836,2.00847,2976899.0,1.96029,1887639996.0,8451423307.16593,10000000000.0,0.082536,-0.60315,2026-09-09 11:20:30+00:00,0.03781926,116.92157,2026-07-16 12:58:20+00:00,2026-09-09T12:33:20.000Z
212,Strategy-Pp-Variable-Xstock,STRCX,Strategy PP Variable xStock,['https://coin-images.coingecko.com/coins/images/71033/large/Ticker_STRCx__Company_Name_Strategy_PP_Variable__size_200x200.png?1765380234'],105.18,153282367,212.0,296296868.0,870020.0,106.34,105.21,-0.11978673679428198,-0.34604,-213755.97387439013,-0.13926,1457374.7363121829,2817124.877998668,1000000000.0,139.97,-24.85614,2026-06-02 22:11:00+00:00,73.0,44.07437,2026-06-26 03:33:00+00:00,2026-09-09T12:33:20.000Z
213,Chiliz,CHZ,Chiliz,['https://coin-images.coingecko.com/coins/images/8834/large/CHZ_Token_updated.png?1696508986'],0.01430989,150687081,213.0,150687081.0,24461903.0,0.01442673,0.01385071,0.00012715,0.87784,1397284.0,0.93595,10527618701.0,10527618701.0,1000000000.0,0.878633,-98.37135,2021-03-13 00:04:21+00:00,0.00410887,248.26786,2019-09-27 16:00:00+00:00,2026-09-09T12:33:20.000Z
214,Would,WOULD,would,['https://coin-images.coingecko.com/coins/images/52316/large/QmXJR6Q2zkqpotTY2nMP6k76LykKW7z4tgfQfH1ZUo57Dt.jpeg?1733076468'],0.150298,150215856,214.0,150215856.0,9349.55,0.150575,0.02812911,0.121837,428.5381,121770321.0,428.08236,999452263.750593,999452263.750593,1000000000.0,0.701724,-78.58158,2025-04-02 12:23:54+00:00,0.00142393,10455.13738,2024-12-04 01:40:03+00:00,2026-09-09T12:33:20.000Z
215,Gusd,GUSD,GUSD,['https://coin-images.coingecko.com/coins/images/68725/large/gusd-logo.jpeg?1757681286'],0.998763,149604712,215.0,319604166.0,985116.0,0.998887,0.9981,0.00030376,0.03072,45499.0,0.03042,149790000.0,320000000.0,1000000000.0,1.022,-2.26078,2026-03-02 07:10:22+00:00,0.979237,1.99396,2026-03-02 09:40:29+00:00,2026-09-09T12:33:20.000Z
216,Kamino,KMNO,Kamino,['https://coin-images.coingecko.com/coins/images/35801/large/Kamino_200x200.png?1767944671'],0.02694411,148024687,216.0,269403016.0,7313849.0,0.02684516,0.02450554,0.00199722,7.99341,11141427.0,8.13936,5494520883.25,9999956964.12517,10000000000.0,0.247842,-89.12853,2024-12-15 08:45:25+00:00,0.01342703,100.67072,2026-06-06 05:03:15+00:00,2026-09-09T12:33:20.000Z
217,Decentraland,MANA,Decentraland,['https://coin-images.coingecko.com/coins/images/878/large/decentraland-mana.png?1696502010'],0.075543,147948993,217.0,165689846.0,20237626.0,0.076911,0.07409,0.00014293,0.17537,288710.0,0.19552,1958349777.9807715,2193179327.320146,1000000000.0,5.85,-98.70884,2021-11-25 02:04:18+00:00,0.00923681,717.85052,2017-10-30 16:00:00+00:00,2026-09-09T12:33:20.000Z
218,Elrond-Erd-2,EGLD,MultiversX,['https://coin-images.coingecko.com/coins/images/12335/large/egld-token-logo.png?1696512162'],4.81,147909795,218.0,147909795.0,11873300.0,5.2,4.59,0.117676,2.47268,3668422.0,2.54325,30746742.0,30746742.0,1000000000.0,545.64,-99.11846,2021-11-23 02:33:26+00:00,2.42,98.44441,2026-06-26 02:23:20+00:00,2026-09-09T12:33:20.000Z
219,Ecash,XEC,eCash,['https://coin-images.coingecko.com/coins/images/16646/large/Logo_final-22.png?1696516207'],7.32e-06,147290518,219.0,147290861.0,3178811.0,7.41e-06,7.17e-06,-4.038913533e-09,0.1619,253569.0,0.17245,20081060922580.0,20081114047580.0,21000000000000.0,0.00038001,-98.0742,2021-09-04 09:09:31+00:00,4.79e-06,52.83345,2026-07-01 01:13:50+00:00,2026-09-09T12:33:20.000Z
220,Origintrail,TRAC,OriginTrail,['https://coin-images.coingecko.com/coins/images/1877/large/TRAC.jpg?1696502873'],0.32683,146083528,220.0,163304250.0,2743413.0,0.343373,0.321518,-0.008186550492884581,-2.51598,-3760901.387596041,-2.50987,447274118.0,500000000.0,500000000.0,3.5,-90.67515,2021-11-03 10:09:57+00:00,0.00385262,8383.33224,2020-03-12 18:24:12+00:00,2026-09-09T12:33:20.000Z
221,Backpack,BP,Backpack,['https://coin-images.coingecko.com/coins/images/102171961/large/image_%285%29.png?1774269858'],0.581096,145262522,221.0,581050090.0,7373085.0,0.600632,0.509354,0.04642634,8.37227,11595063.0,8.67456,250000000.0,1000000000.0,1000000000.0,0.785169,-25.99091,2026-06-21 09:14:20+00:00,0.117911,392.82566,2026-05-25 19:03:00+00:00,2026-09-09T12:33:20.000Z
222,Shuffle-2,SHFL,Shuffle,['https://coin-images.coingecko.com/coins/images/35148/large/shuffle_token_200x200.png?1707552712'],0.304453,144809617,222.0,280221996.0,604367.0,0.308354,0.297037,-0.002540771704093281,-0.88778,-1128749.237378776,-0.77344,475741822.64461386,920610980.338615,1000000000.0,0.787524,-61.34045,2024-03-18 06:56:52+00:00,0.141225,115.57949,2024-12-17 06:35:43+00:00,2026-09-09T12:33:20.000Z
223,Gmt-Token,GOMINING,GoMining Token,['https://coin-images.coingecko.com/coins/images/15662/large/GoMining_Logo.webp?1769225542'],0.35813,144363524,223.0,144363524.0,18708795.0,0.364939,0.357318,-0.006265003766484867,-1.72624,-2563956.016438663,-1.74505,403209847.70096964,403209847.7009696,436915240.0,0.564703,-36.58095,2024-12-16 11:47:13+00:00,0.069487,415.39179,2022-11-09 16:18:31+00:00,2026-09-09T12:33:20.000Z
224,Btse-Token,BTSE,BTSE Token,['https://coin-images.coingecko.com/coins/images/10807/large/BTSE_logo_Square.jpeg?1696510765'],0.890784,144361833,224.0,178156850.0,838804.0,0.90013,0.865486,0.02168085,2.42424,3513630.0,2.49462,162061501.0,200000000.0,200000000.0,9.21,-90.3329,2022-03-23 01:11:07+00:00,0.06191,1338.84185,2025-10-10 14:48:11+00:00,2026-09-09T12:33:20.000Z
225,Apecoin,APE,ApeCoin,['https://coin-images.coingecko.com/coins/images/24383/large/APECOIN.png?1756551529'],0.144061,144036478,225.0,144036478.0,20834656.0,0.14591,0.141328,7.227e-05,-0.01034,48008.0,0.03334,1000000000.0,1000000000.0,1000000000.0,26.7,-99.46038,2022-04-28 13:44:21+00:00,0.081548,76.65862,2026-04-02 21:49:00+00:00,2026-09-09T12:33:20.000Z
226,Safepal,SFP,SafePal,['https://coin-images.coingecko.com/coins/images/13905/large/sfp.png?1696513647'],0.280394,140201778,226.0,140201778.0,1626381.0,0.280613,0.272902,-0.001089191345249707,-0.37821,-539766.9365358353,-0.38352,500000000.0,500000000.0,500000000.0,4.19,-93.30402,2021-02-09 10:30:34+00:00,0.199787,40.34645,2026-07-29 21:05:20+00:00,2026-09-09T12:33:20.000Z
227,Railgun,RAIL,Railgun,['https://coin-images.coingecko.com/coins/images/16840/large/railgun.jpeg?1696516407'],2.31,138335330,227.0,138335330.0,148113.0,2.35,2.25,0.02349266,1.02901,1409788.0,1.0296,60000000.0,60000000.0,100000000.0,5.66,-59.26483,2025-11-07 10:42:15+00:00,0.228324,909.78434,2022-11-09 14:15:17+00:00,2026-09-09T12:33:20.000Z
228,Zencash,ZEN,Horizen,['https://coin-images.coingecko.com/coins/images/691/large/Horizen2.0-logo_icon-on-yellow_%281%29.png?1751696763'],7.48,137270394,228.0,157264089.0,28050186.0,7.59,6.92,0.489649,7.01261,9124156.0,7.12011,18330175.014408942,21000000.0,21000000.0,165.92,-95.4914,2021-05-07 22:00:30+00:00,3.26,129.14778,2019-10-16 16:00:00+00:00,2026-09-09T12:33:20.000Z
229,Vaulta,A,Vaulta,['https://coin-images.coingecko.com/coins/images/55616/large/Vaulta_CEX_Icon_Circle_-_cmc.png?1746859132'],0.081687,135872670,229.0,171280405.0,5280948.0,0.085372,0.079452,0.00069976,0.71506,973805.0,0.72188,1665880036.6216,2100000000.0,2100000000.0,0.778734,-89.51023,2025-05-28 00:22:53+00:00,0.057641,41.71832,2026-06-06 05:03:15+00:00,2026-09-09T12:33:20.000Z
230,Tradable-Latam-Fintech-Sstn,PC0000097,Tradable LatAm Fintech SSTN,['https://coin-images.coingecko.com/coins/images/66796/large/tradable.jpg?1750576421'],1.0,134000000,230.0,186819610.0,6937077.0,1.0,1.0,0.0,0.0,0.0,0.0,134000000.0,134000000.0,300000000.0,1.0,0.0,2025-07-03 02:25:03+00:00,1.0,0.0,2026-07-23 07:25:00+00:00,2026-09-09T12:33:20.000Z
231,Marscoin-4,MARSCOIN,MarsCoin,['https://coin-images.coingecko.com/coins/images/102175246/large/1000299474.png?1785934648'],0.134004,133756506,231.0,133756506.0,110553903.0,0.147736,0.117881,0.00250749,1.8006,2259969.0,1.71865,1000000000.0,1000000000.0,1000000000.0,0.263444,-49.13384,2026-09-05 18:14:20+00:00,0.02333067,474.36852,2026-08-21 08:33:50+00:00,2026-09-09T12:33:20.000Z
232,1Inch,1INCH,1INCH,['https://coin-images.coingecko.com/coins/images/13469/large/0x111111111117dc0aa78b770fa6a738034120c302_0x2b2c127f11a6604d4319c936334506b86c339a3773b6f2731db0ed4a4fb7fb72.jpg?1787890016'],0.093158,130943355,232.0,139740090.0,18852963.0,0.094108,0.091208,0.00021406,0.22543,303851.0,0.23259,1405573965.7275033,1499999999.997,1500000000.0,8.65,-98.92323,2021-10-27 00:24:54+00:00,0.064865,43.61899,2026-07-01 01:13:30+00:00,2026-09-09T12:33:20.000Z
233,Jpysc,JPYSC,JPYSC,['https://coin-images.coingecko.com/coins/images/102174247/large/jpysc_200.png?1782808870'],0.00652073,130873955,233.0,130873955.0,6937077.0,0.00653541,0.00647798,2.569e-05,0.46587,532104.0,0.40824,20070453457.0,20070453457.0,1000000000.0,0.0065361,-0.23525,2026-09-08 02:30:00+00:00,0.00610725,6.77023,2026-07-30 08:00:20+00:00,2026-09-09T12:33:20.000Z
234,Zama,ZAMA,Zama,['https://coin-images.coingecko.com/coins/images/70921/large/zama.png?1764591992'],0.052052,129760996,234.0,588060532.0,8046888.0,0.052598,0.050574,2.739e-05,-0.15135,14638.45,0.01128,2494426770.0003114,11304428717.34256,1000000000.0,0.06628,-21.46636,2026-07-27 17:16:40+00:00,0.01673142,211.10514,2026-02-12 09:20:22+00:00,2026-09-09T12:33:20.000Z
235,Avant-Usd,AVUSD,Avant USD,['https://coin-images.coingecko.com/coins/images/53527/large/token-avusd.png?1736579003'],0.998725,128037635,235.0,128037635.0,850.17,0.999456,0.998129,-0.000259843612616439,-0.02572,-3396729.8849868625,-2.58435,128201068.8213749,128201068.8213749,1000000000.0,1.09,-8.39228,2026-07-28 02:28:40+00:00,0.924607,8.01624,2026-06-19 19:10:00+00:00,2026-09-09T12:33:20.000Z
236,Havven,SNX,Synthetix,['https://coin-images.coingecko.com/coins/images/3406/large/SNX.png?1696504103'],0.218969,127214201,236.0,127306962.0,14708444.0,0.222115,0.216043,-0.001859598427632531,-0.82396,-1082857.4498084933,-0.84402,580980590.4572881,581404223.5556631,1000000000.0,28.53,-99.23256,2021-02-13 17:12:38+00:00,0.0347864,529.46696,2019-01-05 16:00:00+00:00,2026-09-09T12:33:20.000Z
237,Cash-4,CASH,CASH,['https://coin-images.coingecko.com/coins/images/69679/large/cash.jpg?1759283906'],0.9998,126721847,237.0,126721846.0,16061283.0,1.002,0.999537,0.00010928,0.01133,2034754.0,1.63189,126747083.549925,126747082.762255,1000000000.0,1.058,-5.53005,2025-11-15 12:50:58+00:00,0.975346,2.50729,2025-12-15 11:40:12+00:00,2026-09-09T12:33:20.000Z
238,Ozone-Chain,OZO,Ozone Chain,['https://coin-images.coingecko.com/coins/images/31385/large/ozonechain-momogram-200x200.png?1696530201'],0.130759,125510136,238.0,130612743.0,206558.0,0.13259,0.130009,-9.5847891858125e-05,-0.1851,-233124.24471968412,-0.1854,960933314.0,1000000000.0,1000000000.0,0.485077,-73.04357,2024-04-29 01:02:20+00:00,0.060046,117.7641,2023-10-07 13:15:21+00:00,2026-09-09T12:33:20.000Z
239,Rollbit-Coin,RLB,Rollbit Coin,['https://coin-images.coingecko.com/coins/images/24552/large/unziL6wO_400x400.jpg?1696523729'],0.079525,125378750,239.0,125379889.0,597827.0,0.083917,0.074117,-0.003383895871264683,-4.08118,-5376470.639053002,-4.11186,1576595036.9924269,1576595036.992426,5000000000.0,0.264358,-69.91766,2023-11-11 09:10:05+00:00,0.00093506,8404.80906,2022-07-01 18:46:34+00:00,2026-09-09T12:33:20.000Z
240,Collector-Crypt,CARDS,Collector Crypt,['https://coin-images.coingecko.com/coins/images/68728/large/cards-logo.jpeg?1756534539'],0.126966,120197671,240.0,250894500.0,5568167.0,0.146242,0.121703,-0.01230065767254182,-8.93323,-11721151.91070959,-8.88512,947239477.5914539,1977219475.395717,2000000000.0,0.381443,-66.71434,2025-09-14 12:18:08+00:00,0.02121763,498.3983,2025-09-01 18:58:55+00:00,2026-09-09T12:33:20.000Z
241,Mina-Protocol,MINA,Mina Protocol,['https://coin-images.coingecko.com/coins/images/15628/large/JM4_vQ34_400x400.png?1696515261'],0.092349,119527531,241.0,119527531.0,23469456.0,0.092632,0.080353,0.00925605,11.18904,12035920.0,11.19708,1293631019.840039,1293631019.840039,1000000000.0,9.09,-98.9841,2021-05-31 17:42:37+00:00,0.0366688,151.84626,2026-06-30 13:00:40+00:00,2026-09-09T12:33:20.000Z
242,Dog-Go-To-The-Moon-Rune,DOG,Dog (Bitcoin),['https://coin-images.coingecko.com/coins/images/37352/large/DOGGOTOTHEMOON.png?1714096969'],0.00119124,119085502,242.0,119085502.0,874242.0,0.00117944,0.00108235,9.737e-05,8.81775,9697590.0,8.86532,100000000000.0,100000000000.0,100000000000.0,0.0099237,-87.99597,2024-12-11 08:05:38+00:00,0.00055967,112.84875,2026-06-24 17:23:00+00:00,2026-09-09T12:33:20.000Z
243,Circle-Internet-Group-Ondo-Tokenized-Stock,CRCLON,Circle Internet Group (Ondo Tokenized Stock),['https://coin-images.coingecko.com/coins/images/68595/large/crclon_160x160.png?1756129889'],97.88,118300287,243.0,118301004.0,4342985.0,100.82,95.14,-2.201396472277409,-2.14201,-2031080.2827526778,-1.68791,1208632.151813336,1207997.272263178,1000000000.0,158.37,-38.19643,2025-10-10 05:49:47+00:00,47.99,103.97197,2026-02-05 16:26:02+00:00,2026-09-09T12:33:20.000Z
244,Theo-Short-Duration-Us-Treasury-Fund,THBILL,Theo Short Duration US Treasury Fund,['https://coin-images.coingecko.com/coins/images/67650/large/thBILL.png?1753401034'],1.019,117988315,244.0,117988315.0,81349.0,1.1,1.014,0.00476862,0.47069,552414.0,0.4704,115843689.787306,115843689.787306,1000000000.0,1.11,-8.36965,2025-10-10 14:40:31+00:00,0.906552,12.35018,2025-10-10 13:35:37+00:00,2026-09-09T12:33:20.000Z
245,Chip-2,CHIP,USD.AI,['https://coin-images.coingecko.com/coins/images/102171777/large/CHIP_Token_Logo_Large.png?1776777444'],0.058462,117493973,245.0,587469865.0,35136664.0,0.060728,0.052075,0.00506131,9.86722,10692687.0,10.01176,2000000000.0,10000000000.0,10000000000.0,0.140189,-58.29786,2026-04-23 01:38:00+00:00,0.02161887,170.42094,2026-08-09 23:50:20+00:00,2026-09-09T12:33:20.000Z
246,Stp-Network,AWE,AWE Network,['https://coin-images.coingecko.com/coins/images/8713/large/awe-network.jpg?1747816016'],0.060252,117032311,246.0,117032311.0,1351595.0,0.060726,0.059421,0.00040036,0.69678,775939.0,0.66744,1942420282.5203903,1942420282.5203903,2000000000.0,0.270085,-77.69161,2021-10-06 00:03:37+00:00,0.00646736,831.62693,2019-09-30 16:00:00+00:00,2026-09-09T12:33:20.000Z
247,Quack-Ai,Q,Quack AI,['https://coin-images.coingecko.com/coins/images/68793/large/quack_ai.png?1756615808'],0.02633752,116912902,247.0,262971845.0,2686411.0,0.02890135,0.02608663,-0.001307117978067707,-4.82226,-5990571.653257012,-4.87421,4445833415.0,10000000000.0,10000000000.0,0.052458,-49.79348,2025-10-07 06:02:00+00:00,0.00527092,399.67614,2026-03-28 01:22:00+00:00,2026-09-09T12:33:20.000Z
248,Dgrid-Ai,DGAI,DGrid AI,['https://coin-images.coingecko.com/coins/images/102175792/large/dgrid.png?1787573447'],0.778221,116740405,248.0,778269365.0,65673650.0,0.785821,0.727263,0.0305712,4.04067,4592926.0,4.09543,150000000.0,1000000000.0,1000000000.0,0.846164,-8.02956,2026-08-24 21:24:20+00:00,0.364155,113.70603,2026-08-24 17:03:40+00:00,2026-09-09T12:33:20.000Z
249,Niu-Lai,牛来,牛来 (Niu Lai),['https://coin-images.coingecko.com/coins/images/102175567/large/niulai.webp?1786873800'],0.116354,116545341,249.0,116545341.0,61029084.0,0.135418,0.082695,0.0306438,35.97349,30835212.0,35.97616,1000000000.0,1000000000.0,1000000000.0,0.139289,-16.46573,2026-09-05 17:26:30+00:00,0.01055411,1002.45181,2026-08-16 13:02:40+00:00,2026-09-09T12:33:20.000Z
250,Sonic-3,S,Sonic,['https://coin-images.coingecko.com/coins/images/38108/large/200x200_Sonic_Logo.png?1734679256'],0.02998073,116469842,250.0,116469842.0,15456286.0,0.03087207,0.02889048,-9.7920778446971e-05,-0.34483,-400683.67078480124,-0.34284,3885497663.0,3885497663.0,1000000000.0,1.029,-97.08776,2025-01-04 13:35:44+00:00,0.01906602,57.24692,2026-06-25 13:59:50+00:00,2026-09-09T12:33:20.000Z
251,Meta-2-2,META,MetaDAO,['https://coin-images.coingecko.com/coins/images/68320/large/META.png?1755335883'],5.12,116197994,251.0,116197994.0,1348088.0,5.36,5.1,-0.1016054915075717,-1.94373,-2313420.4014769495,-1.95207,22684691.682598,22684691.682598,1000000000.0,10.84,-52.7459,2025-10-21 09:10:23+00:00,0.724356,607.20526,2025-08-17 10:45:50+00:00,2026-09-09T12:33:20.000Z
252,Immutable-X,IMX,Immutable,['https://coin-images.coingecko.com/coins/images/17233/large/immutableX-symbol-BLK-RGB.png?1696516787'],0.131426,115581237,252.0,262842320.0,15035121.0,0.134437,0.129973,-0.001099017431294841,-0.82051,-971030.637458548,-0.83313,879472049.1198139,2000000000.0,2000000000.0,9.52,-98.61946,2021-11-25 17:03:01+00:00,0.094763,38.68898,2026-08-19 03:08:10+00:00,2026-09-09T12:33:20.000Z
253,Chutes,SN64,Chutes,['https://coin-images.coingecko.com/coins/images/66308/large/chutes.jpg?1749181700'],19.6,115321505,253.0,115321505.0,674988.0,19.82,17.22,0.920887,4.9308,5573895.0,5.07883,5884283.544982547,5884283.544982547,21000000.0,104.42,-81.23175,2025-06-10 03:46:43+00:00,0.344143,5594.79365,2026-03-26 15:23:00+00:00,2026-09-09T12:33:20.000Z
254,The-Sandbox,SAND,The Sandbox,['https://coin-images.coingecko.com/coins/images/12129/large/sandbox_logo.jpg?1696511971'],0.03913091,114980474,254.0,117421283.0,16829417.0,0.04111923,0.03904554,-0.001510765575704842,-3.67886,-4410136.963094518,-3.69387,2937639702.3733225,3000000000.0,3000000000.0,8.4,-99.53398,2021-11-24 22:04:40+00:00,0.02897764,35.03831,2020-11-04 07:59:14+00:00,2026-09-09T12:33:20.000Z
255,Tradable-Singapore-Fintech-Ssl-2,PC0000023,Tradable Singapore Fintech SSL,['https://coin-images.coingecko.com/coins/images/66954/large/tradable.jpg?1751254449'],1.0,114500000,248.5,114500000.0,6937077.0,0.339911,0.312616,9.392e-05,0.04982,218969.0,0.14934,114500000.0,114500000.0,114500000.0,1.0,0.0,2025-07-03 02:25:09+00:00,1.0,0.0,2025-07-03 02:25:09+00:00,2026-07-10T19:20:16.000Z
256,Alpha-Bulgaria-Warrants,ALFW,Alpha Bulgaria Warrants,['https://coin-images.coingecko.com/coins/images/102174400/large/0fc344_46599cf95f3b4eac9dcd8b50a1fcd064_mv2%281%29%281%29.png?1783581235'],3.2,114330001,255.0,114330001.0,6937077.0,3.2,3.2,4.44e-16,0.0,1.4901e-08,0.0,35714286.0,35714286.0,35714286.0,3.2,0.0,2026-08-19 20:35:00+00:00,3.2,0.0,2026-08-19 15:45:00+00:00,2026-09-09T12:33:20.000Z
257,Basic-Attention-Token,BAT,Basic Attention,['https://coin-images.coingecko.com/coins/images/677/large/basic-attention-token.png?1696501867'],0.07638,114238241,256.0,114564777.0,15773276.0,0.078579,0.07328,0.00163666,2.19308,2443373.0,2.18559,1495724656.9526057,1500000000.0,1500000000.0,1.9,-95.9812,2021-11-27 16:23:51+00:00,0.055241,38.26557,2026-08-14 15:07:10+00:00,2026-09-09T12:33:20.000Z
258,Four,FORM,Four,['https://coin-images.coingecko.com/coins/images/54912/large/four.jpg?1742461445'],0.298365,113870292,257.0,170656651.0,48600963.0,0.340386,0.274361,-0.006955570429958868,-2.19296,-2721559.6388439536,-2.33426,381867255.14,572301922.1,580000000.0,4.19,-92.87583,2025-09-08 04:17:03+00:00,0.178657,67.00442,2026-07-17 14:01:50+00:00,2026-09-09T12:33:20.000Z
259,Bc-Token,BC,BCGame Coin,['https://coin-images.coingecko.com/coins/images/53197/large/Graphic_Only-200black.png?1746867614'],0.03528815,113305332,258.0,332091993.0,73087.0,0.03547725,0.03387748,0.00052387,1.59452,1682069.0,1.50692,3210860915.6839733,9410865135.683973,10000000000.0,0.04108352,-14.10632,2026-08-27 15:11:10+00:00,0.00291432,1110.85552,2025-04-06 23:00:26+00:00,2026-09-09T12:33:20.000Z
260,Permacast,PWT,Permacast,['https://coin-images.coingecko.com/coins/images/102175793/large/permacast.jpg?1787581166'],0.580215,112609769,259.0,536236994.0,3425534.0,0.585803,0.576509,0.00022033,-0.03025,0.0,0.0,210000000.0,1000000000.0,1000000000.0,0.683497,-15.11084,2026-08-24 15:47:10+00:00,0.487092,19.11817,2026-09-03 16:24:30+00:00,2026-09-09T12:33:20.000Z
261,Melania-Meme,MELANIA,Melania Meme,['https://coin-images.coingecko.com/coins/images/53775/large/melania-meme.png?1737329885'],0.112616,112593374,260.0,112593375.0,20645837.0,0.115313,0.109337,0.00073422,0.67152,711869.0,0.63627,999995792.782406,999995798.259555,1000000000.0,13.05,-99.13717,2025-01-19 23:00:55+00:00,0.066246,69.99745,2026-06-06 05:03:30+00:00,2026-09-09T12:33:20.000Z
262,Meteora,MET,Meteora,['https://coin-images.coingecko.com/coins/images/69110/large/meteora.png?1757517561'],0.204124,112426396,261.0,203675527.0,10191203.0,0.210879,0.192547,0.00855606,4.51043,4735808.0,4.39761,550736821.667488,997733774.33452,1000000000.0,0.686913,-70.2838,2025-10-23 05:01:20+00:00,0.094433,116.15678,2026-06-06 05:03:00+00:00,2026-09-09T12:33:20.000Z
263,Astherus-Usdf,USDF,Aster USDF,['https://coin-images.coingecko.com/coins/images/54133/large/USDF_LOGO.png?1738393978'],0.998354,112286914,262.0,112286956.0,119210.0,1.0,0.998263,-0.000164001117327617,-0.0143,-276125.8589181602,-0.24531,112472042.7051121,112472085.1851121,1000000000.0,1.046,-4.58098,2025-10-10 14:42:58+00:00,0.798494,25.02965,2025-10-10 13:23:15+00:00,2026-09-09T12:33:20.000Z
264,Celium,SN51,lium,['https://coin-images.coingecko.com/coins/images/66328/large/lium_Icon_FullColor_500x500.png?1766792920'],23.75,111227613,263.0,111227613.0,1761367.0,23.59,20.99,1.65,7.44648,7892506.0,7.63778,4682642.634370252,4682642.634370252,21000000.0,37.11,-35.99363,2025-07-17 22:21:06+00:00,0.164238,14362.69107,2026-03-26 07:56:00+00:00,2026-09-09T12:33:20.000Z
265,Frax-Usd,FRXUSD,Frax USD,['https://coin-images.coingecko.com/coins/images/53963/large/frxUSD.png?1737792154'],0.999866,109893222,264.0,109970354.0,2552495.0,1.0,0.99946,9.18e-05,0.00855,-546375.5472454578,-0.49473,109907905.24237438,110018442.8791326,1000000000.0,1.088,-8.07852,2026-04-12 03:19:00+00:00,0.97622,2.42219,2025-02-17 09:32:23+00:00,2026-09-09T12:33:20.000Z
266,Cheems-Token,CHEEMS,Cheems Token,['https://coin-images.coingecko.com/coins/images/30376/large/Hg4_Lhbg_400x400.jpg?1696529270'],5.3264e-07,108470949,265.0,108470949.0,174253.0,5.36887e-07,5.26337e-07,-9.2031429e-10,-0.20398,-200804.9924209565,-0.18478,203672952069062.34,203672952069062.34,219776051832671.0,2.16e-06,-75.35107,2025-03-25 05:56:11+00:00,5.725e-09,9203.61952,2023-09-04 10:45:23+00:00,2026-09-09T12:33:20.000Z
267,Zksync,ZK,ZKsync,['https://coin-images.coingecko.com/coins/images/38043/large/ZKTokenBlack.png?1718614502'],0.01043448,108259138,266.0,219224440.0,8379172.0,0.01075802,0.01018922,0.0001972,1.95462,2094559.0,1.97294,10370385240.0,21000000000.0,21000000000.0,0.320983,-96.74921,2024-06-16 23:44:40+00:00,0.00712159,46.51909,2026-08-14 10:02:40+00:00,2026-09-09T12:33:20.000Z
268,Golem,GLM,Golem,['https://coin-images.coingecko.com/coins/images/542/large/Golem_Submark_Positive_RGB.png?1696501761'],0.108101,108090877,267.0,108090877.0,4487126.0,0.114473,0.108048,-0.003696559280883666,-3.24173,-3706269.597244203,-3.31517,1000000000.0,1000000000.0,1000000000.0,1.32,-91.83719,2018-04-13 01:13:22+00:00,0.00913753,1083.03947,2016-12-11 16:00:00+00:00,2026-09-09T12:33:20.000Z
269,Anonymous-Cat,ZCAT,Anonymous Cat,['https://coin-images.coingecko.com/coins/images/102176753/large/zcat.webp?1788637007'],0.111166,107699760,268.0,107699760.0,23345088.0,0.138466,0.078658,0.00925519,5.98211,8958651.0,9.07287,968874690.4468056,968874690.4468056,1000000000.0,0.175532,-36.66937,2026-09-07 00:53:50+00:00,0.02244425,395.2969,2026-09-05 19:58:20+00:00,2026-09-09T12:33:20.000Z
270,Nxm,NXM,Nexus Mutual,['https://coin-images.coingecko.com/coins/images/11810/large/NXMmain.png?1696511684'],63.83,107341187,269.0,107341187.0,6937077.0,64.23,62.43,0.481561,0.70429,564276.0,0.52846,1681773.137612989,1681768.080605039,1000000000.0,185.97,-65.67996,2021-11-10 07:14:14+00:00,6.96,816.66056,2020-07-22 11:54:06+00:00,2026-09-09T12:33:20.000Z
271,Prometeus,PROM,Prom,['https://coin-images.coingecko.com/coins/images/8825/large/Ticker.png?1696508978'],5.83,106207775,270.0,112027379.0,353812236.0,6.26,5.78,-0.23154531213500995,-3.67862,-4327223.147908002,-3.9148,18250000.0,19250000.0,19250000.0,105.94,-94.50127,2021-04-29 17:09:49+00:00,0.088747,6463.79692,2019-11-08 05:37:42+00:00,2026-09-09T12:33:20.000Z
272,Tradable-Na-Third-Party-Online-Merchant-Sstn,PC0000015,Tradable NA Third Party Online Merchant SSTN,['https://coin-images.coingecko.com/coins/images/66880/large/tradable.jpg?1750921859'],1.0,105971760,271.0,105971760.0,6937077.0,1.0,1.0,0.0,0.0,0.0,0.0,105971759.52,105971759.52,350000000.0,1.0,0.0,2025-07-03 02:25:11+00:00,1.0,0.0,2026-07-23 07:25:00+00:00,2026-09-09T12:33:20.000Z
273,Helium,HNT,Helium,['https://coin-images.coingecko.com/coins/images/4284/large/helium_logo_use.png?1748092589'],0.562197,105871965,272.0,105871965.0,8456316.0,0.58788,0.55262,-0.011917703358891862,-2.0192,-2110396.340105891,-1.95439,188295065.5947764,188295065.5947764,223000000.0,54.88,-98.97553,2021-11-12 15:08:25+00:00,0.113248,396.4316,2020-04-17 16:19:10+00:00,2026-09-09T12:33:20.000Z
274,Sentient,SENT,Sentient,['https://coin-images.coingecko.com/coins/images/70508/large/SENTIENT-Icon-BlushForce-L.png?1762267532'],0.01457364,105380404,273.0,500262795.0,10730393.0,0.01539375,0.01417844,-0.000195233355275066,-1.44938,-1514944.0696855783,-1.41722,7237882055.0,34359738368.0,34359738368.0,0.04805315,-69.67183,2026-01-31 16:00:25+00:00,0.01130719,28.88821,2026-07-29 07:25:50+00:00,2026-09-09T12:33:20.000Z
275,Instadapp,FLUID,Fluid,['https://coin-images.coingecko.com/coins/images/14688/large/Frame_1686566116_%281%29_%281%29.png?1784708239'],1.25,104950231,274.0,125393066.0,1139701.0,1.29,1.25,-0.020623886849653772,-1.62315,-1727754.2565168887,-1.6196,83696996.82034639,100000000.0,100000000.0,24.4,-94.86104,2021-06-16 12:02:32+00:00,0.366538,242.10619,2022-12-28 08:20:48+00:00,2026-09-09T12:33:20.000Z
276,Sosovalue,SOSO,SoSoValue,['https://coin-images.coingecko.com/coins/images/53919/large/soso.jpg?1737717378'],0.30348,103777189,275.0,303440700.0,4152684.0,0.30955,0.303965,-0.004840324466785006,-1.56945,-1668853.0341994464,-1.58266,342001548.0,1000000000.0,1000000000.0,1.42,-78.63616,2025-01-25 04:11:14+00:00,0.267867,13.29499,2026-06-14 00:52:00+00:00,2026-09-09T12:33:20.000Z
277,Securitize-Tokenized-Aaa-Clo-Fund,STAC,Securitize Tokenized AAA CLO Fund,['https://coin-images.coingecko.com/coins/images/71167/large/stac_logo.png?1766163743'],1032.4,103443994,276.0,103443994.0,6937077.0,1034.65,1027.92,0.0440327,-0.01207,4411.99,0.00427,100198.000776,100198.000776,1000000000.0,1050.06,-1.68205,2026-08-19 15:30:00+00:00,997.66,3.48169,2026-02-05 16:15:06+00:00,2026-09-09T12:33:20.000Z
278,Genius-3,GENIUS,Genius,['https://coin-images.coingecko.com/coins/images/71660/large/genius.png?1768804210'],0.308279,103422541,277.0,294183347.0,7872792.0,0.311388,0.295094,0.00486956,1.58835,1665856.0,1.6371,335377059.0,953973324.2879035,1000000000.0,0.95329,-67.66155,2026-04-18 11:06:00+00:00,0.272078,13.30559,2026-08-28 16:25:20+00:00,2026-09-09T12:33:20.000Z
279,Dydx-Chain,DYDX,dYdX,['https://coin-images.coingecko.com/coins/images/32594/large/dydx.png?1698673495'],0.121889,103148717,278.0,116833117.0,2490358.0,0.124497,0.119494,-0.000110709188512387,-0.04998,-74685.82692530751,-0.07235,846094216.4335754,958342751.0,1000000000.0,4.52,-97.30253,2024-03-07 14:19:11+00:00,0.078815,54.6519,2026-03-07 19:05:30+00:00,2026-09-09T12:33:20.000Z
280,Geodnet,GEOD,Geodnet,['https://coin-images.coingecko.com/coins/images/31608/large/Circular_White.png?1696530424'],0.222687,102964012,279.0,214312704.0,748435.0,0.223988,0.221179,0.00045235,0.25684,209150.0,0.20354,462370402.618101,962393067.618101,1000000000.0,0.374342,-40.51234,2025-01-25 12:51:06+00:00,0.03417228,551.66058,2023-09-13 00:00:24+00:00,2026-09-09T12:33:20.000Z
281,Aethir,ATH,Aethir,['https://coin-images.coingecko.com/coins/images/36179/large/logogram_circle_dark_green_vb_green_%281%29.png?1718232706'],0.00502601,101149225,280.0,211054555.0,11425921.0,0.00506578,0.00468618,0.00019117,3.94776,3829880.0,3.93537,20128764593.0,42000000000.0,42000000000.0,0.118536,-95.75992,2024-06-12 02:00:49+00:00,0.00364136,38.02577,2026-08-14 11:02:20+00:00,2026-09-09T12:33:20.000Z
282,Unity-Usd,UUSD,Unity USD,['https://coin-images.coingecko.com/coins/images/102172413/large/UUSD.png?1773390929'],1.001,100129431,281.0,100129431.0,2683560.0,1.004,0.99433,0.00361273,0.35242,388828.0,0.38984,100000000.0,100000000.0,1000000000.0,1.26,-20.29343,2026-07-09 09:46:00+00:00,0.840277,19.12961,2026-07-24 09:07:20+00:00,2026-09-09T12:33:20.000Z
283,Tradable-Latam-Middle-Market-Lender-Sstl,PC0000085,Tradable LatAm Middle-Market Lender SSTL,['https://coin-images.coingecko.com/coins/images/66877/large/tradable.jpg?1750921571'],1.0,100124199,282.0,100124199.0,6937077.0,1.0,1.0,0.0,0.0,0.0,0.0,100124198.51,100124198.51,150000000.0,1.0,0.0,2025-07-03 02:25:10+00:00,1.0,0.0,2026-07-23 07:25:00+00:00,2026-09-09T12:33:20.000Z
284,Tradable-Singapore-Fintech-Ssl,PC0000077,Tradable Singapore Fintech SSL,['https://coin-images.coingecko.com/coins/images/66878/large/tradable.jpg?1750921608'],1.0,100000000,283.0,186819610.0,6937077.0,1.0,1.0,0.0,0.0,0.0,0.0,100000000.0,100000000.0,100000000.0,1.0,0.0,2025-07-03 02:25:10+00:00,1.0,0.0,2026-07-23 07:25:00+00:00,2026-09-09T12:33:20.000Z
285,Circle-Internet-Group-Bstock,CRCLB,Circle Internet Group (bStocks Tokenized Stock),['https://coin-images.coingecko.com/coins/images/102173742/large/circle-internet-group-tokenized-bStocks-crclb.png?1781196448'],97.92,99298874,284.0,99298874.0,18992480.0,100.97,95.21,-2.1357498349865978,-2.06524,-684870.7514628321,-0.68498,1013860.96773512,1013860.96773512,1000000000.0,105.64,-7.30481,2026-09-07 00:07:10+00:00,58.2,68.23989,2026-08-03 14:09:10+00:00,2026-09-09T12:33:20.000Z
286,Greenhood,HOOD,GreenHood,['https://coin-images.coingecko.com/coins/images/102176621/large/logo-hood.png?1788349308'],0.098963,98976982,285.0,98976982.0,6975183.0,0.099624,0.00963217,0.089331,927.56671,89344811.0,927.56671,1000000000.0,1000000000.0,1000000000.0,0.099624,-0.66393,2026-09-09 08:36:00+00:00,0.00923284,971.85835,2026-09-02 17:23:00+00:00,2026-09-09T12:33:20.000Z
287,Bermuda-Shorts,SHORT,Bermuda Shorts,['https://coin-images.coingecko.com/coins/images/55052/large/20250304_082156_%281%29.png?1743439016'],2.166e-05,97552718,286.0,97552718.0,4545.04,2.379e-05,2.159e-05,-1.949436602348e-06,-8.29276,0.0,0.0,4000000000000.0,3999999490.0,4000000000000.0,0.000621,-96.51216,2025-11-09 01:41:31+00:00,2.67934e-10,8083759.41893,2026-04-02 08:14:00+00:00,2026-09-09T12:33:20.000Z
288,Wemix-Token,WEMIX,WEMIX,['https://coin-images.coingecko.com/coins/images/12998/large/wemixcoin_color_200.png?1696512788'],0.194815,97234456,287.0,109078441.0,320679.0,0.197899,0.193953,-0.000586716551969291,-0.29999,-288703.0134615749,-0.29604,499112567.5330705,559910079.7427065,590000000.0,24.71,-99.21165,2021-11-21 09:33:44+00:00,0.128398,51.72715,2021-06-22 04:52:49+00:00,2026-09-09T12:33:20.000Z
289,Qtum,QTUM,Qtum,['https://coin-images.coingecko.com/coins/images/684/large/Qtum_Logo_blue_CG.png?1696501874'],0.905989,96117016,288.0,97673870.0,3191584.0,0.930425,0.873435,0.01903426,2.11846,2008308.0,2.13403,106103790.75,107822406.0,1000000000.0,100.22,-99.09604,2018-01-05 16:00:00+00:00,0.627909,44.28669,2026-08-12 04:00:30+00:00,2026-09-09T12:33:20.000Z
290,Unitywallet-Token,UNT,UnityWallet Token,['https://coin-images.coingecko.com/coins/images/71637/large/unity_wallet_logo.png?1768642266'],0.145305,95661433,289.0,145555926.0,19111.85,0.152821,0.129446,0.01528264,11.76372,10208897.0,11.94686,657214270.0538905,999999985.0538905,1000000000.0,0.153578,-5.38681,2026-09-05 16:12:30+00:00,0.04934818,194.44848,2026-02-05 16:30:17+00:00,2026-09-09T12:33:20.000Z
291,Apollo-Diversified-Credit-Securitize-Fund,ACRED,Apollo Diversified Credit Securitize Fund,['https://coin-images.coingecko.com/coins/images/54809/large/ACRED.png?1741801356'],1112.46,95642478,290.0,95642478.0,6937077.0,1116.6,1108.22,-0.16212322432943438,-0.03091,-13938.369046330452,-0.01457,85973.91955400001,85973.919554,1000000000.0,1123.32,-0.96684,2026-08-25 02:20:00+00:00,1004.33,10.76581,2025-04-09 06:50:03+00:00,2026-09-09T12:33:20.000Z
292,Usda-2,USDA,USDa,['https://coin-images.coingecko.com/coins/images/51599/large/SUSDA.png?1731604761'],0.967102,94542304,260.0,94542304.0,10.67,0.339911,0.312616,9.392e-05,0.04982,218969.0,0.14934,97758337.66345324,97749091.21010824,1000000000.0,1.021,-5.32297,2025-01-13 07:25:59+00:00,0.359131,169.28951,2026-08-10 09:30:10+00:00,2026-08-14T08:19:10.000Z
293,Pearl-2,PRL,Pearl,['https://coin-images.coingecko.com/coins/images/102173580/large/pearl.png?1780324634'],0.369952,94354613,291.0,776898503.0,531740.0,0.38859,0.359183,0.00055178,0.19215,140699.0,0.14934,255045783.0,2100000000.0,2100000000.0,0.739151,-49.9491,2026-06-24 12:29:00+00:00,0.139936,164.37239,2026-07-23 01:44:40+00:00,2026-09-09T12:33:20.000Z
294,Bedrock-Token,BR,Bedrock,['https://coin-images.coingecko.com/coins/images/54908/large/BR_200px.png?1742453499'],0.321689,94298252,292.0,322203597.0,3683342.0,0.322003,0.253887,0.063786,24.97053,19076588.0,25.3605,292666666.0,1000000000.0,1000000000.0,0.349123,-7.85794,2026-09-03 14:52:00+00:00,0.03920767,720.4749,2025-04-18 12:21:08+00:00,2026-09-09T12:33:20.000Z
295,Nest-Blackopal-Liquidstone-Ii-Vault,NOPAL,Nest BlackOpal LiquidStone II Vault,['https://coin-images.coingecko.com/coins/images/70787/large/BlackOpal_Vault.png?1763752532'],1.094,94140781,293.0,94146152.0,6937077.0,1.094,1.094,0.000545,0.04982,4064659.0,4.51247,86015734.880243,86029777.880243,1000000000.0,1.25,-12.13442,2026-06-16 02:07:00+00:00,0.958277,14.21121,2026-06-15 19:19:20+00:00,2026-09-09T12:33:20.000Z
296,Gala,GALA,GALA,['https://coin-images.coingecko.com/coins/images/12493/large/GALA_token_image_-_200PNG.png?1709725869'],0.00188141,94052139,294.0,94052139.0,29897707.0,0.00194407,0.00184967,-8.995275394606e-06,-0.33931,-203709.14447179437,-0.21612,49921514477.60385,49921514477.60385,50000000000.0,0.824837,-99.77191,2021-11-25 17:03:48+00:00,0.00013475,1296.22827,2020-12-28 00:46:48+00:00,2026-09-09T12:33:20.000Z
297,Bitget-Wrapped-Btc,BGBTC,Bitget Wrapped BTC,['https://coin-images.coingecko.com/coins/images/102172988/large/20260423-114744.png?1777014158'],79207.0,93780742,295.0,93780742.0,40942.0,79554.0,77963.0,782.41,0.99796,926374.0,0.99766,1184.0,1184.0,1000000000.0,82700.0,-4.22409,2026-05-06 11:25:00+00:00,58296.0,35.86979,2026-06-30 18:57:10+00:00,2026-09-09T12:33:20.000Z
298,Newton-Project,AB,AB,['https://coin-images.coingecko.com/coins/images/4376/large/400%E6%96%B9.png?1740377493'],0.00094429,93358413,296.0,93358413.0,459916.0,0.00094625,0.0009384,2.99e-06,0.3331,335484.0,0.36065,98823661261.46,98823661261.46,100000000000.0,0.01727373,-94.53336,2025-03-22 00:04:44+00:00,3.8e-06,24718.29655,2022-10-10 18:32:18+00:00,2026-09-09T12:33:20.000Z
299,Velo,VELO,Velo,['https://coin-images.coingecko.com/coins/images/12538/large/Logo_200x_200.png?1696512350'],0.00530332,93219481,297.0,127376996.0,2752703.0,0.00531201,0.00487906,0.00026646,5.47739,4752717.0,5.37232,17563876115.0,23999637580.36017,1000000000.0,2.29,-99.76805,2021-03-08 02:16:26+00:00,0.00103046,414.65351,2022-12-19 17:50:14+00:00,2026-09-09T12:33:20.000Z
300,Diem,DIEM,Diem,['https://coin-images.coingecko.com/coins/images/68436/large/DIEM_SeaMid_-_200px.png?1755734213'],2450.83,93124661,298.0,93123923.0,5340557.0,2565.77,1760.82,677.31,38.11793,27533413.0,41.97727,38017.06872779701,38016.76729648383,1000000000.0,2565.77,-4.47959,2026-09-09 07:44:00+00:00,80.54,2943.03324,2025-11-21 09:22:57+00:00,2026-09-09T12:33:20.000Z
301,Zano,ZANO,Zano,['https://coin-images.coingecko.com/coins/images/8370/large/Icon-App-512x512.png?1761825305'],6.02,93043894,299.0,93049220.0,1562336.0,6.05,5.66,0.04343415,0.72347,710099.0,0.76906,15449073.93,15449987.48,1000000000.0,17.81,-66.19427,2025-01-07 06:41:15+00:00,0.146452,4011.06841,2019-12-16 11:21:13+00:00,2026-09-09T12:33:20.000Z
302,Unitas,UP,Unitas,['https://coin-images.coingecko.com/coins/images/71531/large/Logo_Mark_200.png?1772722048'],0.428797,92648848,300.0,428930030.0,22271833.0,0.433367,0.404447,-0.000600402325690863,-0.14521,-101022.93246681988,-0.10892,215999885.54150105,999999885.541501,1000000000.0,0.522624,-17.95292,2026-08-31 23:29:20+00:00,0.067618,534.14226,2026-03-14 04:06:10+00:00,2026-09-09T12:33:20.000Z
303,Reserve-Rights-Token,RSR,Reserve Rights,['https://coin-images.coingecko.com/coins/images/8365/large/RSR_Blue_Circle_1000.png?1721777856'],0.00147537,92293459,301.0,147544006.0,14679743.0,0.00148548,0.001413,1.005e-05,0.67786,633164.0,0.69077,62553174091.0,100000000000.0,100000000000.0,0.117424,-98.74355,2021-04-16 09:45:02+00:00,0.0010462,41.02158,2026-07-01 08:51:20+00:00,2026-09-09T12:33:20.000Z
304,0X,ZRX,0x Protocol,['https://coin-images.coingecko.com/coins/images/863/large/0x.png?1696501996'],0.108734,92224452,302.0,108704416.0,26007554.0,0.110547,0.097985,0.00878185,8.9455,7425788.0,8.75696,848396562.906836,1000000000.0,1000000000.0,2.5,-95.64533,2018-01-12 16:00:00+00:00,0.073101,48.74477,2026-08-18 04:04:50+00:00,2026-09-09T12:33:20.000Z
305,Baby-Claw,BABYCLAW,Baby Claw,['https://coin-images.coingecko.com/coins/images/102172057/large/2.jpg?1771331936'],0.091376,91376294,248.5,91376294.0,5.43,0.339911,0.312616,9.392e-05,0.04982,218969.0,0.14934,1000000000.0,1000000000.0,1000000000.0,0.00048369,18791.64389,2026-02-17 04:44:17+00:00,3.632e-05,251496.12852,2026-03-02 21:55:35+00:00,2026-03-20T21:06:00.000Z
306,A-Meme-Coin,AMC,A Meme Coin,['https://coin-images.coingecko.com/coins/images/102176700/large/amc.jpg?1788511294'],0.090275,90216733,303.0,90216733.0,28975933.0,0.113567,0.078798,-0.00583967033186869,-6.13711,-5898180.395102501,-6.13659,1000000000.0,1000000000.0,1000000000.0,0.150932,-40.18824,2026-09-04 07:10:00+00:00,8.571e-05,105222.85387,2026-09-04 00:18:00+00:00,2026-09-09T12:33:20.000Z
307,Debridge,DBR,deBridge,['https://coin-images.coingecko.com/coins/images/38019/large/DBR_icon_Color.png?1724708885'],0.01520584,90143457,304.0,152044847.0,883885.0,0.01539111,0.01496289,8.299e-05,0.54949,483968.0,0.53978,5928741329.0,10000000000.0,10000000000.0,0.05521,-72.45834,2024-12-21 16:26:03+00:00,0.01235762,23.04829,2026-04-19 22:24:00+00:00,2026-09-09T12:33:20.000Z
308,Dai-On-Pulsechain,DAI,DAI on PulseChain,['https://coin-images.coingecko.com/coins/images/36735/large/pDAI_200x200.png?1712451453'],0.00199443,89732179,305.0,89732179.0,253413.0,0.00219266,0.00194598,-2.1895520577619e-05,0.31731,283416.0,0.31685,44362128906.35518,44362128906.35518,1000000000.0,0.03373531,-94.08799,2024-11-28 23:29:41+00:00,1.02312e-13,1949363763120.322,2024-06-11 13:34:57+00:00,2026-09-09T12:33:20.000Z
309,Digibyte,DGB,DigiByte,['https://coin-images.coingecko.com/coins/images/63/large/digibyte.png?1696501454'],0.00484899,89532431,306.0,89544874.0,2132119.0,0.00488531,0.00474373,6.15e-06,0.12822,124733.0,0.13951,18461824010.420696,18464480285.11493,21000000000.0,0.178084,-97.27714,2021-04-30 16:19:01+00:00,3.099e-05,15548.65943,2015-01-13 16:00:00+00:00,2026-09-09T12:33:20.000Z
310,Mag7-Ssi,MAG7.SSI,MAG7.ssi,['https://coin-images.coingecko.com/coins/images/52962/large/mag7.png?1734863745'],0.531982,89351483,307.0,89351483.0,540194.0,0.534094,0.520214,0.00724394,1.37894,1228249.0,1.39379,167937671.7776,167937671.7776,1000000000.0,1.35,-60.4504,2024-12-27 04:21:57+00:00,0.376104,41.44544,2026-06-25 14:05:50+00:00,2026-09-09T12:33:20.000Z
311,Ordinals,ORDI,ORDI,['https://coin-images.coingecko.com/coins/images/30162/large/ordi.png?1696529082'],4.25,89153760,308.0,89153760.0,16870254.0,4.51,4.19,-0.19045759393188355,-4.24594,-4012636.0579340905,-4.30696,21000000.0,21000000.0,1000000000.0,95.52,-95.55493,2024-03-04 17:45:22+00:00,2.1,101.78,2026-03-29 22:48:00+00:00,2026-09-09T12:33:20.000Z
312,Aioz-Network,AIOZ,AIOZ Network,['https://coin-images.coingecko.com/coins/images/14631/large/aioz-logo-200.png?1696514309'],0.069715,89017645,309.0,89042701.0,20221761.0,0.080719,0.062971,0.00482302,7.50008,6167742.0,7.44448,1276745390.1209807,1277109787.292282,1000000000.0,2.65,-97.37016,2021-04-03 03:55:34+00:00,0.01099588,534.00557,2023-09-13 11:20:42+00:00,2026-09-09T12:33:20.000Z
313,Plume,PLUME,Plume,['https://coin-images.coingecko.com/coins/images/53623/large/PLUME_%281%29.png?1786085730'],0.01385702,88589549,310.0,138550498.0,8147244.0,0.01434242,0.01343723,0.00022807,1.5996,1445685.0,1.65896,6394026052.0,10000000000.0,10000000000.0,0.247537,-94.40204,2025-03-19 14:25:55+00:00,0.00854877,62.09366,2026-02-28 02:16:31+00:00,2026-09-09T12:33:20.000Z
314,Goldfish-Gold,GGBR,Goldfish Gold,['https://coin-images.coingecko.com/coins/images/102172212/large/goldfish_logo_200x200.png?1772212434'],4.39,88464504,311.0,109752889.0,102647.0,4.4,4.33,-0.002412380280526705,-0.05823,-48611.97288450599,-0.05492,20150837.196788374,25000000.0,1000000000.0,5.39,-18.57047,2026-03-02 06:11:24+00:00,1.85,137.78116,2026-09-01 07:44:20+00:00,2026-09-09T12:33:20.000Z
315,Gmx,GMX,GMX,['https://coin-images.coingecko.com/coins/images/18323/large/arbit.png?1696517814'],8.44,88298088,312.0,88298088.0,2336345.0,8.48,8.21,0.112738,1.36051,1192911.0,1.36951,10456968.02447692,10456968.02447692,13250000.0,91.07,-90.72824,2023-04-18 02:00:25+00:00,4.81,75.60278,2026-07-01 06:49:50+00:00,2026-09-09T12:33:20.000Z
316,Orca,ORCA,Orca,['https://coin-images.coingecko.com/coins/images/17547/large/Orca_Logo.png?1696517083'],1.45,88272821,313.0,108890702.0,18420162.0,1.51,1.38,0.051128,4.0501,3085613.0,3.62216,60798772.18674101,74999540.52388,100000000.0,20.33,-92.85732,2021-10-02 12:14:11+00:00,0.351125,313.60273,2022-06-19 11:34:08+00:00,2026-09-09T12:33:20.000Z
317,Targon,SN4,Targon,['https://coin-images.coingecko.com/coins/images/66342/large/sn4.png?1749239249'],15.65,87900902,314.0,87900902.0,847616.0,15.55,13.68,1.058,7.24732,6058910.0,7.40318,5616042.777818278,5616042.777818278,21000000.0,39.23,-60.10744,2025-06-10 04:01:00+00:00,0.107935,14401.05136,2026-04-15 12:28:00+00:00,2026-09-09T12:33:20.000Z
318,O1-Exchange,O,o1.exchange,['https://coin-images.coingecko.com/coins/images/102173974/large/o1.png?1781654491'],0.538986,86265862,315.0,539161638.0,3363602.0,0.5622,0.523529,-0.011790413523287913,-2.13491,-1858312.5219320804,-2.10874,160000000.0,1000000000.0,1000000000.0,0.941511,-42.75313,2026-06-20 10:44:00+00:00,0.334755,61.00878,2026-06-17 15:39:40+00:00,2026-09-09T12:33:20.000Z
319,Yzy,YZY,YZY,['https://coin-images.coingecko.com/coins/images/68439/large/yzy.png?1755756963'],0.288192,86158838,316.0,288191559.0,706.13,0.294099,0.288145,2.938e-05,0.01049,8782.63,0.01019,298963599.32821,999999392.804456,1000000000.0,2.95,-90.22419,2025-08-20 18:38:44+00:00,0.188434,52.94027,2025-10-10 13:36:03+00:00,2026-09-09T12:33:20.000Z
320,Pleasing-Gold,PGOLD,Pleasing Gold,['https://coin-images.coingecko.com/coins/images/70395/large/%E9%BB%84%E9%87%91.png?1761795141'],4400.99,85841441,316.0,85841441.0,6.43,4445.58,4370.35,9.392e-05,0.04982,218969.0,0.14934,19505.05044,19505.05044,1000000000.0,5507.64,-20.09302,2026-01-29 00:57:20+00:00,23.41,18700.35001,2026-04-23 14:05:00+00:00,2026-09-09T08:30:40.000Z
321,Cap-Usd,CUSD,Cap USD,['https://coin-images.coingecko.com/coins/images/68272/large/cUSD_ab_500%C3%97500.png?1755232868'],0.999876,84849552,317.0,84849553.0,6937077.0,0.999876,0.999853,2.256e-05,0.00226,-114246.71025778353,-0.13447,84860098.55159768,84860099.55160223,1000000000.0,1.17,-14.56181,2025-10-10 13:42:31+00:00,0.515274,94.04738,2026-06-10 23:59:30+00:00,2026-09-09T12:33:20.000Z
322,Nexus-4,NEX,Nexus,['https://coin-images.coingecko.com/coins/images/102173233/large/nexus.jpg?1778490588'],1.41e-06,84839794,318.0,141399657.0,324928.0,1.44e-06,1.41e-06,-5.762274442e-09,-0.32493,-345740.5265790224,-0.40587,60000000000000.0,100000000000000.0,100000000000000.0,6.95e-06,-79.66116,2026-05-21 08:49:00+00:00,1.41e-06,0.33345,2026-09-09 11:06:20+00:00,2026-09-09T12:33:20.000Z
323,Gas,GAS,Gas,['https://coin-images.coingecko.com/coins/images/858/large/GAS_512_512.png?1696501992'],1.28,83076281,319.0,83076281.0,799997.0,1.29,1.25,0.01188277,0.93971,773466.0,0.93978,65093580.54427269,65093580.54427269,1000000000.0,91.94,-98.61186,2018-01-14 16:00:00+00:00,0.621309,105.41478,2020-03-12 18:24:16+00:00,2026-09-09T12:33:20.000Z
324,Wrappedm-By-M0,WM,WrappedM by M0,['https://coin-images.coingecko.com/coins/images/55070/large/wm.jpg?1743589588'],0.999743,82870390,320.0,82870390.0,829247.0,1.0,0.999584,0.00011045,0.01134,-776110.9425208122,-0.92785,82891712.851819,82891712.851819,1000000000.0,15.4,-93.50678,2025-09-04 08:49:45+00:00,0.969044,3.16797,2025-09-20 04:44:48+00:00,2026-09-09T12:33:20.000Z
325,Yearn-Finance,YFI,yearn.finance,['https://coin-images.coingecko.com/coins/images/11849/large/yearn.jpg?1696511720'],2276.01,82107439,321.0,83450376.0,15393768.0,2294.21,2220.87,22.97,1.01375,826839.0,1.01726,36075.94701468851,36666.0,36666.0,90787.0,-97.49302,2021-05-11 16:29:37+00:00,31.65,7092.28303,2020-07-18 04:26:27+00:00,2026-09-09T12:33:20.000Z
326,Banana-For-Scale-2,BANANAS31,Banana For Scale,['https://coin-images.coingecko.com/coins/images/52230/large/Banana_token_image.png?1732801941'],0.00816214,81630679,322.0,81630679.0,3188813.0,0.00828665,0.00808998,-8.2559371861341e-05,-1.01982,-816279.9379394054,-0.99007,10000000000.0,10000000000.0,10000000000.0,0.057741,-85.86412,2025-07-10 17:35:56+00:00,0.00072336,1028.36773,2025-02-02 21:11:44+00:00,2026-09-09T12:33:20.000Z
327,Beam-2,BEAM,Beam,['https://coin-images.coingecko.com/coins/images/32417/large/cgicon.png?1747892021'],0.00158683,81402335,323.0,92779579.0,4365233.0,0.00160405,0.00153031,3.014e-05,1.97278,1543899.0,1.93329,51300184687.0,58470184687.0,58470184687.0,0.04416304,-96.40688,2024-03-10 02:40:22+00:00,0.00121358,30.75593,2026-06-25 13:59:50+00:00,2026-09-09T12:33:20.000Z
328,Usda-3,USDA,USDA,['https://coin-images.coingecko.com/coins/images/68094/large/IMG_0632.jpeg?1754724345'],0.93257,81108810,324.0,81108810.0,144292.0,0.941825,0.930751,-0.00474252877645176,-0.50725,-406717.4052449018,-0.49894,86967248.38104062,86967248.38104062,1000000000.0,1.19,-21.81379,2025-12-20 17:11:39+00:00,0.590562,57.91223,2025-10-09 07:07:59+00:00,2026-09-09T12:33:20.000Z
329,Proton,XPR,XPR Network,['https://coin-images.coingecko.com/coins/images/10941/large/XPR.jpg?1696510891'],0.00282201,80842397,325.0,91385833.0,2407590.0,0.00289174,0.00280092,1.021e-05,0.66708,276701.0,0.34345,28652669445.0618,32389539911.0547,1000000000.0,0.100088,-97.18048,2020-04-27 00:45:16+00:00,0.00054716,415.75171,2023-10-19 02:05:22+00:00,2026-09-09T12:33:20.000Z
330,3Jane-Usd3,USD3,3Jane USD3,['https://coin-images.coingecko.com/coins/images/102176550/large/20.png?1788098498'],1.19,80655688,326.0,80655020.0,214385.0,1.19,1.18,-0.000884449744260385,-0.07426,-74846.5880690515,-0.09271,68037720.291195,68037328.796567,1000000000.0,1.2,-1.2059,2026-09-07 09:44:40+00:00,1.17,1.07173,2026-08-31 05:52:10+00:00,2026-09-09T12:33:20.000Z
331,Bulla-3,BULLA,BULLA,['https://coin-images.coingecko.com/coins/images/66398/large/hasb.png?1749288195'],0.080494,80505825,327.0,80505825.0,1175801.0,0.081539,0.075484,0.00076088,0.87668,773013.0,0.9695,1000000000.0,1000000000.0,1000000000.0,0.490702,-83.59621,2026-02-01 00:52:39+00:00,0.00403668,1894.05934,2026-06-06 05:10:00+00:00,2026-09-09T12:33:20.000Z
332,F-X-Protocol-Fxusd,FXUSD,f(x) Protocol fxUSD,['https://coin-images.coingecko.com/coins/images/36202/large/fxUSD.jpg?1710833113'],0.999772,80186643,328.0,80186643.0,1915643.0,1.0,0.99945,0.00025751,0.02606,571874.0,0.7183,80204953.41663016,80204953.41663016,1000000000.0,1.038,-3.68548,2026-02-05 16:40:29+00:00,0.953062,4.90104,2024-12-05 07:45:54+00:00,2026-09-09T12:33:20.000Z
333,Superfarm,SUPER,SuperVerse,['https://coin-images.coingecko.com/coins/images/14040/large/SV-Logo-200x200.png?1706880312'],0.125186,80139866,329.0,125186354.0,3993926.0,0.127199,0.119687,0.0015884,1.23752,1017116.0,1.28549,640164549.0,1000000000.0,1000000000.0,4.74,-97.35975,2021-03-30 23:38:55+00:00,0.070397,77.82899,2023-10-18 18:20:23+00:00,2026-09-09T12:33:20.000Z
334,Kaito,KAITO,KAITO,['https://coin-images.coingecko.com/coins/images/54411/large/Qm4DW488_400x400.jpg?1739552780'],0.331469,80009561,330.0,331455027.0,20791074.0,0.344223,0.324381,-0.002252956826043595,-0.67361,-547215.7560118884,-0.67929,241388889.0,1000000000.0,1000000000.0,2.88,-88.50771,2025-02-27 00:58:05+00:00,0.275928,20.12869,2026-02-05 16:30:16+00:00,2026-09-09T12:33:20.000Z
335,Bending-Spoons-Xstock,BSPX,Bending Spoons xStock,['https://coin-images.coingecko.com/coins/images/102174230/large/BSPx.png?1782604454'],38.49,79864173,330.0,79864173.0,1669.56,39.43,38.48,-0.9360566502852308,-2.37465,-1942386.4749971032,-2.37437,2075073.634063958,2075073.634063958,1000000000.0,58.64,-34.37012,2026-08-11 16:39:50+00:00,28.12,36.88686,2026-07-02 19:56:30+00:00,2026-09-09T04:41:00.000Z
336,Safe,SAFE,Safe,['https://coin-images.coingecko.com/coins/images/27032/large/Artboard_1_copy_8circle-1.png?1696526084'],0.102705,79643821,331.0,102725489.0,2512677.0,0.107795,0.099025,-0.003346780769637292,-3.23149,-2578668.1542038172,-3.13621,775307296.0,1000000000.0,1000000000.0,3.56,-97.11372,2024-04-22 23:10:17+00:00,0.075294,36.40433,2026-06-24 17:48:30+00:00,2026-09-09T12:33:20.000Z
337,Circle-Xstock,CRCLX,Circle xStock,['https://coin-images.coingecko.com/coins/images/66918/large/CRCLx.png?1751052233'],97.94,79233954,332.0,300092496.0,12111734.0,100.77,95.32,-2.150183012921957,-2.13917,-1963163.9801235497,-2.41778,809256.9749107416,3064998.444988346,1000000000.0,257.13,-61.91089,2025-07-18 06:16:12+00:00,48.02,103.96156,2026-02-05 16:15:30+00:00,2026-09-09T12:33:20.000Z
338,Tagger,TAG,TAGGER,['https://coin-images.coingecko.com/coins/images/53206/large/IMG_3196.png?1735664645'],0.00072567,78968584,333.0,294055989.0,1304901.0,0.00075827,0.00071999,-7.771399276518e-06,-1.23982,-877432.3566643149,-1.09891,108864805114.16998,405380800000.0,405380800000.0,0.00218685,-66.81668,2026-05-04 06:41:00+00:00,1.934e-05,3651.47881,2025-03-12 05:57:01+00:00,2026-09-09T12:33:20.000Z
339,Rif-Token,RIF,Rootstock Infrastructure Framework,['https://coin-images.coingecko.com/coins/images/7460/large/8befc44a46c247e8a3f7fc8abba586b1_%283%29.png?1705501867'],0.078933,78944456,334.0,78944456.0,7876072.0,0.078794,0.075422,0.00229819,3.01797,2309435.0,3.01355,1000000000.0,1000000000.0,1000000000.0,0.455938,-82.68772,2021-04-12 13:44:18+00:00,0.0091475,762.89383,2019-06-11 16:00:00+00:00,2026-09-09T12:33:20.000Z
340,Cow-Protocol,COW,CoW Protocol,['https://coin-images.coingecko.com/coins/images/24384/large/CoW-token_logo.png?1719524382'],0.136699,78511917,335.0,136664114.0,2762824.0,0.137958,0.131034,0.00295288,2.11596,1676272.0,2.18163,574488169.0034184,1000000000.0,1000000000.0,2.22,-93.84033,2022-03-28 08:24:17+00:00,0.03987045,242.85828,2022-11-09 10:32:42+00:00,2026-09-09T12:33:20.000Z
341,Adi-Token,ADI,ADI,['https://coin-images.coingecko.com/coins/images/68846/large/ADI_Token-min.png?1765296433'],8.27,78017888,336.0,8269414969.0,5936079.0,8.34,8.04,0.214706,2.66643,2468667.0,3.26763,9434511.21887064,999999999.0,999999999.0,8.72,-5.16617,2026-06-29 15:14:40+00:00,0.975425,747.77566,2025-12-10 01:46:25+00:00,2026-09-09T12:33:20.000Z
342,Nockchain,NOCK,Nockchain,['https://coin-images.coingecko.com/coins/images/68474/large/GrCcG9N9_400x400.jpg?1755845184'],0.03376967,77992251,337.0,145039612.0,2997306.0,0.03960955,0.03224672,0.00134217,4.13736,3141810.0,4.19745,2309535744.0,4294967296.0,4294967296.0,0.21022,-83.93601,2025-10-17 07:40:33+00:00,0.00442438,663.26252,2026-04-15 02:33:00+00:00,2026-09-09T12:33:20.000Z
343,Exod,EXOD,EXOD,['https://coin-images.coingecko.com/coins/images/102171773/large/exodus.png?1769612116'],7.44,77675833,338.0,77675833.0,6937077.0,7.44,7.33,0.109894,1.50005,1147955.0,1.50005,10446000.0,10446000.0,10446000.0,13.09,-43.19373,2026-02-03 01:55:04+00:00,4.93,50.83718,2026-08-14 11:00:00+00:00,2026-09-09T12:33:20.000Z
344,Na-Post-Settlement-Legal-Financing-Receivables,PC0000101,Tradable NA Post-Settlement Legal Financing Receivables,['https://coin-images.coingecko.com/coins/images/66791/large/tradable.jpg?1750576168'],1.0,76722081,339.0,76722081.0,6937077.0,1.0,1.0,0.0,0.0,0.0,0.0,76722080.574195,76722080.574195,100000000.0,1.0,0.0,2025-07-03 02:05:03+00:00,1.0,0.0,2026-07-23 07:25:00+00:00,2026-09-09T12:33:20.000Z
345,Cygnus-Finance-Global-Usd,CGUSD,Cygnus Finance Global USD,['https://coin-images.coingecko.com/coins/images/35628/large/cgUSD.png?1709291316'],0.994313,75769303,340.0,75769303.0,4.64,0.994543,0.994175,9.051e-05,0.0094,6896.82,0.0091,76202640.798102,76202640.798102,1000000000.0,1.089,-8.66359,2025-06-06 08:02:30+00:00,0.724325,37.27445,2025-09-29 08:58:56+00:00,2026-09-09T12:33:20.000Z
346,Arkham,ARKM,Arkham,['https://coin-images.coingecko.com/coins/images/30929/large/Arkham_Logo_CG.png?1696529771'],0.108789,75591939,341.0,108755276.0,7118064.0,0.111927,0.106571,-0.001742719928732664,-1.64597,-1234920.9671031386,-1.60741,695064568.0,1000000000.0,1000000000.0,3.98,-97.2639,2024-03-09 16:04:54+00:00,0.085376,27.42433,2026-08-18 22:56:00+00:00,2026-09-09T12:33:20.000Z
347,Tradable-North-America-Pos-Lender-Sstn,PC0000019,Tradable North America PoS Lender SSTN,['https://coin-images.coingecko.com/coins/images/66800/large/tradable.jpg?1750576495'],1.0,75568634,342.0,75568634.0,6937077.0,1.0,1.0,0.0,0.0,0.0,0.0,75568634.0,75568634.0,150000000.0,1.0,0.0,2025-07-03 02:25:08+00:00,1.0,0.0,2026-07-23 07:25:00+00:00,2026-09-09T12:33:20.000Z
348,Kusama,KSM,Kusama,['https://coin-images.coingecko.com/coins/images/9568/large/m4zRhP5e_400x400.jpg?1696509648'],4.0,75165054,343.0,75165054.0,21509434.0,4.28,3.83,0.03844591,0.95836,743900.0,0.99958,18802603.46018189,18802605.52530381,1000000000.0,621.71,-99.35698,2021-05-17 21:04:41+00:00,0.876572,356.05625,2020-01-14 11:20:20+00:00,2026-09-09T12:33:20.000Z
349,Helio-Protocol-Hay,LISUSD,Lista USD,['https://coin-images.coingecko.com/coins/images/26947/large/Coingecko_profile_lisUSD_200x200_%281%29.png?1707363097'],0.997547,75006564,344.0,75006564.0,57476.0,0.998585,0.997514,-0.000575418738053779,-0.05542,-40436.850742697716,-0.05388,75190664.11081198,75190664.11081198,1000000000.0,2.0,-50.15589,2022-08-25 04:10:21+00:00,0.208609,378.19047,2022-12-01 18:43:06+00:00,2026-09-09T12:33:20.000Z
350,Tradable-Na-Neobank-Sstl,PC0000023,Tradable NA Neobank SSTL,['https://coin-images.coingecko.com/coins/images/66797/large/tradable.jpg?1750576441'],1.0,75000000,345.0,75000000.0,6937077.0,1.0,1.0,0.0,0.0,0.0,0.0,75000000.0,75000000.0,150000000.0,1.0,0.0,2025-07-03 02:25:03+00:00,1.0,0.0,2026-07-23 07:25:00+00:00,2026-09-09T12:33:20.000Z
351,Felix-Feusd,FEUSD,Felix feUSD,['https://coin-images.coingecko.com/coins/images/55068/large/feusd.jpg?1743581333'],0.998727,74910266,346.0,8887798697.0,93043.0,0.999468,0.99657,0.00216811,0.22091,164305.0,0.21982,75004069.0,8898928050.991745,1000000000.0,1.067,-6.40303,2025-04-02 07:35:18+00:00,0.705908,41.48111,2025-10-10 13:28:16+00:00,2026-09-09T12:33:20.000Z
352,The-Black-Bull,ANSEM,The Black Bull,['https://coin-images.coingecko.com/coins/images/102174035/large/IMG_9497.jpeg?1782005339'],0.17982,74568031,347.0,179300209.0,13553430.0,0.194478,0.165206,0.00179185,1.03482,723314.0,0.97951,414789460.926028,997368927.464594,1000000000.0,0.443616,-59.46487,2026-07-06 22:05:30+00:00,0.00014442,124412.61466,2026-06-25 10:22:50+00:00,2026-09-09T12:33:20.000Z
353,Fx-Usd-Saving,FXSAVE,f(x) USD Saving,['https://coin-images.coingecko.com/coins/images/67384/large/fxsave.jpg?1752628124'],1.12,74413849,348.0,74663568.0,5408.74,1.12,1.11,0.00113961,0.08906,1488449.0,2.04106,66688038.17970483,66911830.45616449,1000000000.0,4.68,-76.15746,2026-02-20 23:21:10+00:00,0.985404,13.23783,2026-06-21 22:15:20+00:00,2026-09-09T12:33:20.000Z
354,Midas-Mtbill,MTBILL,Midas mTBILL,['https://coin-images.coingecko.com/coins/images/37839/large/mTBILL_token.png?1728417279'],1.071,74254595,349.0,74254595.0,6937077.0,1.071,1.071,0.0,0.0,81524.0,0.10991,69316866.58183216,69316866.58183216,1000000000.0,1.18,-9.35174,2026-07-15 18:06:50+00:00,0.808522,32.49292,2026-04-20 22:34:00+00:00,2026-09-09T12:33:20.000Z
355,Usdsui,USDSUI,USDsui,['https://coin-images.coingecko.com/coins/images/70675/large/usdsui.png?1772769756'],1.0,74120381,350.0,74120381.0,3018065.0,1.002,0.994823,-9.7848806774659e-05,-0.01362,-7252.099775418639,-0.00978,74111161.57,74111161.57,1000000000.0,1.021,-2.01748,2026-04-20 14:19:00+00:00,0.966852,3.44127,2026-08-22 05:11:30+00:00,2026-09-09T12:33:20.000Z
356,Peaq-2,PEAQ,peaq,['https://coin-images.coingecko.com/coins/images/51415/large/peaq-token-brand-icon_%281%29.png?1731122664'],0.0293204,73716129,351.0,130228379.0,11283811.0,0.03357471,0.02820361,0.00059427,2.09238,1649594.0,2.28899,2514642533.5967364,4442420789.615483,5667620228.64,0.750473,-96.09307,2024-12-10 00:55:30+00:00,0.01224257,139.49558,2026-03-14 08:10:36+00:00,2026-09-09T12:33:20.000Z
357,Livepeer,LPT,Livepeer,['https://coin-images.coingecko.com/coins/images/7137/large/badge-logo-circuit-green.png?1719357686'],1.48,73662651,352.0,73662651.0,17266704.0,1.53,1.47,-0.024907590027727355,-1.66547,-1200777.885673955,-1.60396,49688954.55,49688954.55,1000000000.0,99.03,-98.50372,2021-11-09 08:58:44+00:00,0.354051,318.50894,2019-10-26 14:59:09+00:00,2026-09-09T12:33:20.000Z
358,Crown-Brlv,BRLV,Crown BRLV,['https://coin-images.coingecko.com/coins/images/102172108/large/BRLV.png?1775604601'],0.196531,73495293,353.0,73495293.0,3557.21,0.196834,0.195813,0.00124108,0.6358,488128.0,0.6686,373963509.9528299,373963509.9528299,1000000000.0,0.204863,-4.06737,2026-05-09 05:05:00+00:00,0.187398,4.87326,2026-03-14 04:01:06+00:00,2026-09-09T12:33:20.000Z
359,Baby-Doge-Coin,BABYDOGE,Baby Doge Coin,['https://coin-images.coingecko.com/coins/images/16125/large/babydoge.jpg?1696515731'],3.99861e-10,73451317,354.0,167791175.0,3118237.0,4.07756e-10,3.94023e-10,-2.561564e-12,-0.82454,-536844.6578418612,-0.72558,1.838568286350175e+17,4.2e+17,4.2e+17,6.498e-09,-93.84616,2024-12-09 23:26:04+00:00,9.4771e-11,321.92505,2021-06-08 18:48:21+00:00,2026-09-09T12:33:20.000Z
360,Ai-Rig-Complex,ARC,AI Rig Complex,['https://coin-images.coingecko.com/coins/images/52701/large/u312bPNA_400x400.jpg?1734044765'],0.073272,73270221,355.0,73270221.0,3428364.0,0.075439,0.072107,-0.001978879751027965,-2.66872,-1979472.3158591092,-2.63054,999982714.298822,999982714.298822,1000000000.0,0.623197,-88.24255,2025-01-21 19:35:28+00:00,0.00987155,642.25572,2025-10-10 13:33:06+00:00,2026-09-09T12:33:20.000Z
361,Stronghold-Token,SHX,Stronghold,['https://coin-images.coingecko.com/coins/images/7427/large/Blue_Mark_-_White_BG.png?1696507700'],0.00394998,72799057,356.0,394003279.0,486224.0,0.00405753,0.00388304,-4.9042560330175e-05,-1.23628,-903646.4981014282,-1.22607,18430178870.807934,99747870079.0,100000000000.0,0.055673,-92.90503,2021-05-16 20:52:12+00:00,1.30103e-07,3035946.78504,2021-04-07 04:27:56+00:00,2026-09-09T12:33:20.000Z
362,Purr-2,PURR,Purr,['https://coin-images.coingecko.com/coins/images/37125/large/PURR_CG.png?1713368828'],0.12185,72494372,357.0,72494383.0,1686956.0,0.121642,0.110583,0.0103519,9.26227,6160577.0,9.28724,594929675.93828,594929675.93828,1000000000.0,0.690036,-82.34153,2024-12-16 14:15:23+00:00,0.04236339,187.62999,2025-12-18 12:07:22+00:00,2026-09-09T12:33:20.000Z
363,Microstrategy-Xstock,MSTRX,MicroStrategy xStock,['https://coin-images.coingecko.com/coins/images/55631/large/Ticker_MSTR__Company_Name_MicroStrategy__size_200x200_2x.png?1746862528'],140.29,72318446,358.0,190464218.0,3039308.0,141.65,135.81,1.44,1.02416,1819235.0,2.5805,515567.5939814466,1357844.151404633,1000000000.0,462.34,-69.65583,2025-07-17 21:29:46+00:00,80.66,73.93369,2026-06-29 00:39:20+00:00,2026-09-09T12:33:20.000Z
364,Funfair,FUN,FUNToken,['https://coin-images.coingecko.com/coins/images/761/large/FUN.png?1696501914'],0.00657134,72282595,359.0,72282595.0,969157.0,0.00669645,0.00638892,3.843e-05,0.80914,421393.0,0.5864,10999873621.0,10999873621.0,1000000000.0,0.191066,-96.5607,2018-01-07 16:00:00+00:00,0.00031003,2019.61486,2026-04-23 11:30:00+00:00,2026-09-09T12:33:20.000Z
365,Tesla-Xstock,TSLAX,Tesla xStock,['https://coin-images.coingecko.com/coins/images/55638/large/Ticker_TSLA__Company_Name_Tesla_Inc.__size_200x200_2x.png?1746863299'],364.05,71989813,360.0,195546210.0,7320100.0,369.28,355.27,8.71,2.45658,1354829.0,1.91807,197751.35059474557,537152.7650091547,1000000000.0,496.55,-26.68522,2025-12-22 06:58:38+00:00,292.26,24.56429,2025-07-07 06:00:30+00:00,2026-09-09T12:33:20.000Z
366,Matrixdock-Gold,XAUM,Matrixdock Gold,['https://coin-images.coingecko.com/coins/images/51962/large/xaum_200px_logo_1x.png?1733560735'],4393.49,71750898,361.0,71750898.0,539200.0,4403.74,4327.09,5.87,0.13415,95944.0,0.1339,16331.178364863,16331.178364863,1000000000.0,5574.96,-21.19245,2026-01-29 05:21:03+00:00,2563.55,71.38341,2024-12-19 14:00:45+00:00,2026-09-09T12:33:20.000Z
367,Apes-2-2,APES,APES,['https://coin-images.coingecko.com/coins/images/102172561/large/photo_2024-08-16_17.29.08.png?1773900252'],0.079687,71719696,362.0,71719696.0,22.15,0.079566,0.078854,9.392e-05,0.04982,218969.0,0.14934,900000000.0,900000000.0,900000000.0,0.080749,-1.31521,2026-04-03 08:01:00+00:00,0.05887,35.36186,2026-06-29 02:14:10+00:00,2026-09-09T12:33:20.000Z
368,Cap-4,CAP,Cap,['https://coin-images.coingecko.com/coins/images/102174107/large/cap.jpg?1782391237'],0.04595305,71686360,363.0,459527948.0,11745371.0,0.04723685,0.0449882,-0.001050585540255632,-2.2466,-1639305.1483934224,-2.23565,1560000000.0,10000000000.0,10000000000.0,0.078256,-41.27833,2026-08-14 14:32:50+00:00,0.01549444,196.57757,2026-07-12 06:06:30+00:00,2026-09-09T12:33:20.000Z
369,Theta-Fuel,TFUEL,Theta Fuel,['https://coin-images.coingecko.com/coins/images/8029/large/1_0YusgngOrriVg4ZYx4wOFQ.png?1696508251'],0.00947033,70632606,364.0,70638460.0,585528.0,0.00958562,0.00940646,-8.7349257565634e-05,-0.84012,-658188.701553151,-0.92325,7460234565.0,7460878738.0,1000000000.0,0.68159,-98.61055,2021-06-08 22:50:55+00:00,0.00090804,942.94277,2020-03-12 18:30:37+00:00,2026-09-09T12:33:20.000Z
370,Walrus-2,WAL,Walrus,['https://coin-images.coingecko.com/coins/images/54914/large/Walrus_Token_Full_Color_200x200.png?1772722407'],0.0274884,70460415,365.0,137416703.0,5783989.0,0.02898888,0.02696029,-0.001367441112274902,-4.70927,-3518749.248387173,-4.75641,2563750000.0,5000000000.0,5000000000.0,0.759179,-96.37919,2025-05-14 00:10:39+00:00,0.02004864,37.10854,2026-08-14 15:06:00+00:00,2026-09-09T12:33:20.000Z
371,Dola-Usd,DOLA,DOLA,['https://coin-images.coingecko.com/coins/images/14287/large/dola.png?1696513984'],0.997099,70303825,366.0,103566089.0,371912.0,0.997909,0.996281,0.00018668,0.01567,275569.0,0.39351,70508851.04965712,103868118.240939,1000000000.0,1.87,-46.73917,2021-11-13 05:09:22+00:00,0.088407,1027.85658,2024-02-10 15:55:20+00:00,2026-09-09T12:33:20.000Z
372,Stau,STAU,STAU,['https://coin-images.coingecko.com/coins/images/52341/large/STAU.png?1742637079'],0.00698734,70303319,367.0,70303319.0,361103.0,0.007108,0.00675647,9.392e-05,0.04982,218969.0,0.14934,10000000000.0,10000000000.0,10000000000.0,0.279,-97.49558,2024-12-20 04:40:23+00:00,0.00448904,55.65326,2026-02-01 19:41:04+00:00,2026-09-09T12:33:20.000Z
373,Swop-2,SWOP,Swop,['https://coin-images.coingecko.com/coins/images/66773/large/Group_1000007182_copy.png?1750487480'],0.00700477,70047640,368.0,70047640.0,2.41,0.007006,0.00700448,9.392e-05,0.04982,218969.0,0.14934,9999998190.509241,9999998190.509241,10000000000.0,0.01391529,-49.66138,2025-08-30 12:02:22+00:00,0.0060491,15.79848,2026-04-12 15:56:00+00:00,2026-09-09T06:57:00.000Z
374,Turbo,TURBO,Turbo,['https://coin-images.coingecko.com/coins/images/30117/large/TurboMark-QL_200.png?1708079597'],0.00101105,69742232,368.0,69742232.0,6937077.0,0.00104091,0.00097792,1.041e-05,1.11774,697859.0,1.01074,69000000000.0,69000000000.0,69000000000.0,0.01431669,-92.93796,2024-12-11 13:52:05+00:00,6.518e-05,1451.18532,2023-09-26 13:46:54+00:00,2026-09-09T12:33:20.000Z
375,Ishares-Core-S-P-500-Etf-Ondo-Tokenized-Etf,IVVON,iShares Core S&P 500 ETF (Ondo Tokenized ETF),['https://coin-images.coingecko.com/coins/images/68650/large/ivvon_160x160.png?1756156270'],773.03,69708264,369.0,69708264.0,488256.0,783.0,772.86,-6.252000259001079,-0.8074,-569395.2698765099,-0.81021,90184.89437153433,90184.89437153433,1000000000.0,797.15,-3.02624,2026-08-06 14:08:10+00:00,638.07,21.15135,2026-03-30 19:31:00+00:00,2026-09-09T12:33:20.000Z
376,Holotoken,HOT,Holo,['https://coin-images.coingecko.com/coins/images/3348/large/hot-mark-med.png?1747766692'],0.0003909,69461275,370.0,69461275.0,3567041.0,0.00040343,0.00037898,8.47e-06,2.25693,1533939.0,2.25821,177619433541.1413,177619433541.1413,1000000000.0,0.03126682,-98.7498,2021-04-05 08:04:52+00:00,0.0002202,77.52096,2020-03-12 18:23:01+00:00,2026-09-09T12:33:20.000Z
377,Re,RE,RE,['https://coin-images.coingecko.com/coins/images/102173708/large/RE-Token.png?1781031591'],0.432831,69072796,371.0,432786943.0,6043578.0,0.472848,0.427065,-0.035560928201549824,-7.60575,-5682537.253900364,-7.60151,159600000.0,1000000000.0,1000000000.0,1.079,-59.8713,2026-06-20 19:22:00+00:00,0.356989,21.24494,2026-07-20 14:22:20+00:00,2026-09-09T12:33:20.000Z
378,Story-2,DATA,Data Network,['https://coin-images.coingecko.com/coins/images/54035/large/CMC_%281%29.png?1782401376'],0.192054,68859381,372.0,198212481.0,1522716.0,0.198144,0.190977,-0.000264394422920505,-0.11025,-85875.25001840293,-0.12456,358542145.0,1032069345.0,1000000000.0,14.78,-98.70082,2025-09-21 13:07:34+00:00,0.170065,12.92973,2026-08-18 14:08:00+00:00,2026-09-09T12:33:20.000Z
379,Dexe,DEXE,DeXe,['https://coin-images.coingecko.com/coins/images/12713/large/DEXE_token_logo.png?1696512514'],1.93,68056025,373.0,186256477.0,7530885.0,1.96,1.92,-0.026716240857105555,-1.41428,-972326.1349246949,-1.40859,35261696.60097028,96504599.33609451,1000000000.0,48.91,-96.05204,2026-07-13 00:47:00+00:00,0.671563,187.52124,2020-11-06 11:31:40+00:00,2026-09-09T12:33:20.000Z
380,Ondo-U-S-Dollar-Token,USDON,Ondo U.S. Dollar Token,['https://coin-images.coingecko.com/coins/images/68688/large/usdon_160x160.png?1756268513'],1.0,67895275,374.0,67895275.0,6937077.0,1.0,1.0,0.0,0.0,-461697.0076058209,-0.67542,67895275.46009223,67945597.34297967,1000000000.0,1.091,-8.32354,2026-07-13 04:45:20+00:00,0.935065,6.94446,2026-05-23 21:54:00+00:00,2026-09-09T12:33:20.000Z
381,Sushi,SUSHI,Sushi,['https://coin-images.coingecko.com/coins/images/12271/large/512x512_Logo_no_chop.png?1696512101'],0.236623,67841713,375.0,68970014.0,27141865.0,0.244097,0.228445,0.0002247,0.24084,55501.0,0.08188,286745777.58608264,291514753.9009228,1000000000.0,23.38,-98.98777,2021-03-13 15:44:36+00:00,0.139503,69.6187,2026-06-25 13:59:50+00:00,2026-09-09T12:33:20.000Z
382,Goplus-Security,GPS,GoPlus Security,['https://coin-images.coingecko.com/coins/images/53686/large/Separate_logo%EF%BC%88green%EF%BC%89.png?1737033911'],0.01161456,67792571,376.0,116136642.0,9655017.0,0.01230247,0.01086162,0.00063953,5.83149,3727914.0,5.81899,5837311111.239091,10000000000.0,10000000000.0,0.2198,-94.71585,2025-01-30 23:39:51+00:00,0.00441135,163.2879,2025-12-18 11:58:16+00:00,2026-09-09T12:33:20.000Z
383,Comedian,BAN,Comedian,['https://coin-images.coingecko.com/coins/images/51100/large/ban.jpg?1730085215'],0.06778,67790751,377.0,67790751.0,4846365.0,0.069995,0.067447,-0.000641086963798471,-0.87975,-627731.1043199301,-0.91749,999961859.27,999961859.27,1000000000.0,0.37799,-82.0683,2024-11-18 01:35:57+00:00,0.00929085,629.53521,2024-10-28 20:34:36+00:00,2026-09-09T12:33:20.000Z
384,Midas-Fasanara-Global,MGLOBAL,Midas Fasanara Global,['https://coin-images.coingecko.com/coins/images/102172980/large/mglobal-Cm4yjVTI.png?1776956923'],1.017,67337941,378.0,67337941.0,6937077.0,1.017,1.017,0.0,0.0,0.0,0.0,66235380.78086266,66235380.78086266,1000000000.0,1.017,0.0,2026-08-20 18:30:10+00:00,1.006,1.08189,2026-07-23 04:25:10+00:00,2026-09-09T12:33:20.000Z
385,Tori-Trusd,TRUSD,Tori trUSD,['https://coin-images.coingecko.com/coins/images/102174232/large/trUSD.png?1782647856'],0.999672,67126713,379.0,67126713.0,1341173.0,0.999987,0.999568,-4.6640341998194e-05,-0.00437,696671.0,1.04873,67148745.5894608,67148745.5894608,1000000000.0,1.001,-0.1306,2026-07-28 22:52:00+00:00,0.998868,0.08043,2026-07-30 07:19:10+00:00,2026-09-09T12:33:20.000Z
386,Spark-2,SPK,Spark,['https://coin-images.coingecko.com/coins/images/38637/large/Spark-Logomark-RGB.png?1744878896'],0.0203701,66834045,380.0,203693013.0,17393784.0,0.02064425,0.01989623,-0.000130113809152885,-0.65158,-429420.03695789725,-0.63841,3281116226.8200903,10000000000.0,10000000000.0,0.184472,-88.95765,2025-07-23 14:01:29+00:00,0.01301419,56.52222,2026-08-19 07:36:10+00:00,2026-09-09T12:33:20.000Z
387,Redstone-Oracles,RED,RedStone,['https://coin-images.coingecko.com/coins/images/53640/large/RedStone_Logo_New_White.png?1740640919'],0.13142,66656040,381.0,131455794.0,2911617.0,0.133928,0.125986,-0.002785139576934992,-2.12853,-1254615.4630774632,-1.84745,507060497.0,1000000000.0,1000000000.0,0.932461,-85.90615,2025-03-06 04:36:56+00:00,0.082386,59.5172,2026-08-17 10:25:20+00:00,2026-09-09T12:33:20.000Z
388,Numeraire,NMR,Numeraire,['https://coin-images.coingecko.com/coins/images/752/large/numeraire.png?1696501906'],9.45,66418149,382.0,100099676.0,5275189.0,9.51,9.27,-0.06789905024720788,-0.7318,-491887.0514912978,-0.73515,7033472.777420848,10600240.33989235,11000000.0,93.15,-89.86036,2021-05-16 02:29:06+00:00,2.06,357.56096,2018-11-26 16:00:00+00:00,2026-09-09T12:33:20.000Z
389,Metal-Blockchain,METAL,Metal Blockchain,['https://coin-images.coingecko.com/coins/images/27222/large/MB-Logo.png?1710514210'],0.130555,66274475,383.0,87036083.0,542176.0,0.131878,0.129525,0.00030626,0.26284,155026.0,0.23446,507639839.0528356,666666666.0,666666666.0,1.65,-92.08348,2022-09-12 05:18:04+00:00,0.03510303,271.91941,2024-08-04 22:56:59+00:00,2026-09-09T12:33:20.000Z
390,Wormhole,W,Wormhole,['https://coin-images.coingecko.com/coins/images/35087/large/W_Token_%283%29.png?1758122686'],0.01023612,66039845,384.0,102380324.0,4694531.0,0.01041973,0.01008703,-4.797648869217e-05,-0.44777,-282129.6587521881,-0.42539,6450443000.0,10000000000.0,10000000000.0,1.66,-99.38252,2024-04-03 03:46:35+00:00,0.00782451,30.82117,2026-07-31 14:10:50+00:00,2026-09-09T12:33:20.000Z
391,Mindwavedao,NILA,MindWaveDAO,['https://coin-images.coingecko.com/coins/images/55467/large/NILA.png?1746206480'],0.078225,65925399,385.0,82685531.0,279241.0,0.078401,0.077862,0.00011076,0.10298,93346.0,0.14179,842766176.55,1057021569.0,1057021569.0,0.39007,-79.94589,2025-09-06 17:25:22+00:00,0.0014606,5255.66829,2025-09-26 18:45:46+00:00,2026-09-09T12:33:20.000Z
392,Ravedao,RAVE,RaveDAO,['https://coin-images.coingecko.com/coins/images/70544/large/coin.jpeg?1762452940'],0.247963,65903813,386.0,247955485.0,698079.0,0.257476,0.246699,-0.003102930633780171,-1.23891,-826849.5929383785,-1.23908,265788888.0,1000000000.0,1000000000.0,28.1,-99.11772,2026-04-18 01:38:00+00:00,0.206266,20.21567,2026-03-11 18:10:18+00:00,2026-09-09T12:33:20.000Z
393,Nexpace,NXPC,Nexpace,['https://coin-images.coingecko.com/coins/images/55703/large/wk63iOZz_400x400.png?1747126039'],0.216407,65803612,387.0,215241257.0,5556574.0,0.221873,0.208008,0.00403834,1.8099,1232032.0,1.90801,304054865.5175758,994552574.1697733,1000000000.0,3.77,-94.26551,2025-05-15 01:15:14+00:00,0.17425,24.19312,2026-08-14 03:48:50+00:00,2026-09-09T12:33:20.000Z
394,Linea,LINEA,Linea,['https://coin-images.coingecko.com/coins/images/68507/large/linea-logo.jpeg?1756025484'],0.00267398,65575892,388.0,191413910.0,7024768.0,0.00273427,0.00264196,-3.6819232811244e-05,-1.40035,-912236.8474798799,-1.37203,24527101521.37352,71593816498.0,72009990000.0,0.04666898,-94.27032,2025-09-10 07:26:12+00:00,0.00206952,29.20774,2026-08-19 06:14:40+00:00,2026-09-09T12:33:20.000Z
395,Tradable-Eu-Latam-Pos-Financing-Sstl,PC0000049,Tradable Eu/LatAm PoS Financing SSTL,['https://coin-images.coingecko.com/coins/images/66794/large/tradable.jpg?1750576332'],1.0,65300000,389.0,65300000.0,6937077.0,1.0,1.0,0.0,0.0,0.0,0.0,65300000.0,65300000.0,100000000.0,1.0,0.0,2025-07-03 02:25:01+00:00,1.0,0.0,2026-07-23 07:25:00+00:00,2026-09-09T12:33:20.000Z
396,Midas-Mf-One,MF-ONE,Midas mF-ONE,['https://coin-images.coingecko.com/coins/images/66975/large/mfone-logo.png?1751307469'],1.12,64962152,390.0,64962152.0,6937077.0,1.13,1.12,-0.000759221190929527,-0.08399,255790.0,0.39531,57938699.27881998,57938699.27881998,1000000000.0,1.14,-1.65301,2026-08-19 15:30:00+00:00,1.008,11.21069,2025-07-21 03:10:08+00:00,2026-09-09T12:33:20.000Z
397,Escoin-Token,ELG,Escoin,['https://coin-images.coingecko.com/coins/images/13566/large/escoin-200.png?1696513320'],0.291354,64939344,391.0,72838403.0,277794.0,0.291414,0.291277,5.909e-05,0.02058,13170.29,0.02029,222888413.08959576,250000000.0,1000000000.0,3.61,-91.92942,2022-06-23 18:40:08+00:00,0.00064644,44970.38044,2021-01-10 08:54:16+00:00,2026-09-09T12:33:20.000Z
398,Kava,KAVA,Kava,['https://coin-images.coingecko.com/coins/images/9761/large/kava.png?1696509822'],0.059887,64847861,392.0,64847861.0,9554493.0,0.060888,0.058626,0.00056575,0.93683,612330.0,0.95326,1082846942.0,1082846942.0,1000000000.0,9.12,-99.34336,2021-08-30 03:10:02+00:00,0.03967785,50.93239,2026-06-06 05:04:15+00:00,2026-09-09T12:33:20.000Z
399,Bas,BAS,BNB Attestation Service,['https://coin-images.coingecko.com/coins/images/67419/large/bas.jpg?1752736026'],0.02587535,64712124,393.0,258848495.0,1458508.0,0.02653431,0.02571053,-7.814298418691e-06,0.006,4202.97,0.0065,2500000000.0,10000000000.0,10000000000.0,0.166539,-84.46287,2025-10-17 02:05:13+00:00,0.00259671,896.46747,2026-02-05 16:35:42+00:00,2026-09-09T12:33:20.000Z
400,Spacex-Bstocks-Tokenized-Stock,SPCXB,SpaceX (bStocks Tokenized Stock),['https://coin-images.coingecko.com/coins/images/102173888/large/bstocks_spacex.png?1781280362'],151.75,64190869,394.0,64191065.0,30544487.0,154.55,145.52,3.11,2.06439,418146.0,0.65568,423064.73191754,423066.02004176,1000000000.0,229.67,-33.92775,2026-06-16 01:00:20+00:00,105.76,43.47808,2026-08-03 13:30:40+00:00,2026-09-09T12:33:20.000Z
401,Pharos-Network,PROS,Pharos,['https://coin-images.coingecko.com/coins/images/102172947/large/pharos_400x400.jpg?1776780623'],0.47198,64004587,395.0,472010230.0,9106061.0,0.573276,0.427708,0.0358435,8.24183,4864423.0,8.22524,135600000.0,1000000000.0,1000000000.0,1.13,-58.37289,2026-04-28 15:06:00+00:00,0.31773,48.54773,2026-07-21 00:12:30+00:00,2026-09-09T12:33:20.000Z
402,Soon-2,SOON,SOON,['https://coin-images.coingecko.com/coins/images/55124/large/red_2.PNG?1743843131'],0.187565,63767537,396.0,2065763240.0,5843674.0,0.192133,0.17916,-0.000865727921635723,-0.39362,-259822.3638984114,-0.4058,339791742.36,11007627367.44998,1000000000.0,4.3,-95.63874,2025-11-14 12:10:58+00:00,0.100892,85.90713,2026-04-10 01:07:00+00:00,2026-09-09T12:33:20.000Z
403,Saturn-Dollar,USDAT,Saturn Dollar,['https://coin-images.coingecko.com/coins/images/102172645/large/usdat.png?1774503009'],0.995635,63457795,397.0,63457795.0,4826419.0,1.0,0.999001,-0.003317263110911517,-0.33178,-784150.3950453177,-1.22062,63736010.813904,63736010.813904,1000000000.0,1.042,-4.4889,2026-04-08 13:58:00+00:00,0.995566,0.00696,2026-09-09 12:27:40+00:00,2026-09-09T12:33:20.000Z
404,Anvil,ANVL,Anvil,['https://coin-images.coingecko.com/coins/images/50825/large/anvil.png?1744709012'],0.00072021,63433162,398.0,72016692.0,74951.0,0.0007466,0.00071435,-6.555507080181e-06,-0.90084,-581522.6489811912,-0.90842,88081193769.55038,100000000000.0,100000000000.0,0.00929021,-92.24761,2025-01-03 18:16:12+00:00,2.512e-05,2766.58384,2025-10-11 05:10:55+00:00,2026-09-09T12:33:20.000Z
405,Prize-Protocol,PRIZE,Prize Protocol,['https://coin-images.coingecko.com/coins/images/102173006/large/PrizeProtocolLogoHighRes.png?1777125639'],0.00118843,63368320,399.0,118843452.0,16986.29,0.00120302,0.00116928,5.38e-06,0.54168,287009.0,0.45498,53320833333.333336,99999997704.8605,100000000000.0,0.00150186,-20.86902,2026-09-05 17:57:50+00:00,0.0005997,98.17302,2026-06-06 04:46:45+00:00,2026-09-09T12:33:20.000Z
406,Espresso,ESP,Espresso,['https://coin-images.coingecko.com/coins/images/67626/large/espresso.jpg?1753324525'],0.093999,62925510,400.0,339627357.0,2771866.0,0.093638,0.090178,0.0009423,1.14686,694445.0,1.11591,668856351.7316145,3601379682.0,1000000000.0,0.217368,-56.75581,2026-02-24 00:10:22+00:00,0.05223,79.971,2026-02-15 11:15:15+00:00,2026-09-09T12:33:20.000Z
407,Book-Of-Meme,BOME,BOOK OF MEME,['https://coin-images.coingecko.com/coins/images/36071/large/bome.png?1710407255'],0.00091032,62637644,401.0,62637644.0,40484789.0,0.00094844,0.0008955,-2.0163735669452e-05,-2.39851,-1565419.7824710011,-2.43823,68999659569.0,68999659569.0,68999659569.0,0.02688878,-96.6145,2024-03-16 05:51:17+00:00,5.848e-05,1456.56678,2024-03-14 02:17:29+00:00,2026-09-09T12:33:20.000Z
408,Berachain-Bera,BERA,Berachain,['https://coin-images.coingecko.com/coins/images/25235/large/BERA.png?1738822008'],0.187087,62322611,402.0,104571253.0,8639949.0,0.192428,0.181352,0.00247031,1.2909,848830.0,1.3808,333072539.62349164,558864747.1593481,1000000000.0,14.83,-98.73822,2025-02-06 06:16:01+00:00,0.137662,35.90344,2026-08-14 15:20:40+00:00,2026-09-09T12:33:20.000Z
409,Kinetiq,KNTQ,Kinetiq,['https://coin-images.coingecko.com/coins/images/70252/large/kntq.png?1761279547'],0.221394,62095425,403.0,221392857.0,1448255.0,0.222748,0.206515,0.00783094,3.59634,2196139.0,3.66639,280476190.48,1000000000.0,1000000000.0,0.376888,-41.25739,2026-06-02 03:42:30+00:00,0.03578417,518.69187,2025-12-17 19:22:13+00:00,2026-09-09T12:33:20.000Z
410,Royal-Euro,REUR,Royal Euro,['https://coin-images.coingecko.com/coins/images/102172401/large/REUR_logo_200x200_px.png?1773503207'],4.13,62008637,348.0,20669545573.0,19804868.0,0.339911,0.312616,9.392e-05,0.04982,218969.0,0.14934,15000000.0,5000000000.0,1000000000.0,4.13,-0.00868,2026-06-29 19:51:40+00:00,0.348874,1084.9285,2026-06-23 12:49:00+00:00,2026-06-29T19:55:10.000Z
411,Lobster-2,龙虾,龙虾 (Lobster),['https://coin-images.coingecko.com/coins/images/102172215/large/bvnt2zqtx33e6at5pm5marta4070.?1772252895'],0.061835,61823559,404.0,61823559.0,11285790.0,0.06297,0.053676,0.00316726,5.36327,3156181.0,5.37979,1000000000.0,1000000000.0,1000000000.0,0.100567,-38.51369,2026-09-04 16:45:10+00:00,0.00145753,4142.43469,2026-02-28 09:08:30+00:00,2026-09-09T12:33:20.000Z
412,Ai-Xovia,AIX,AI XOVIA,['https://coin-images.coingecko.com/coins/images/67657/large/Aixovia-Logo-200x200.png?1753425170'],0.613854,61385034,405.0,61385034.0,242246.0,0.646758,0.569839,-0.010958426963898704,-1.75359,-1095835.8888062388,-1.75387,99999347.71616927,99999347.71616927,100000000.0,45.0,-98.63582,2025-08-04 16:19:24+00:00,0.329828,86.1133,2026-07-28 12:34:50+00:00,2026-09-09T12:33:20.000Z
413,Zignaly,ZIG,ZIGChain,['https://coin-images.coingecko.com/coins/images/14796/large/ZIG_COIN_%281%29.png?1779272472'],0.04347581,61248765,406.0,84940731.0,5897464.0,0.04495554,0.04292297,-0.000902448803141047,-2.05423,-1277570.9825552255,-2.04325,1408940795.2396517,1953940795.2396517,2000000000.0,0.224179,-80.60665,2021-04-15 07:39:42+00:00,0.00428716,914.09424,2023-07-14 21:31:20+00:00,2026-09-09T12:33:20.000Z
414,Midas-Fasanara-Global-Open,MGLO,Midas Fasanara Global Open,['https://coin-images.coingecko.com/coins/images/102174031/large/mglobal-Cm4yjVTI.png?1781967852'],1.0,61003135,407.0,61003135.0,6937077.0,1.0,1.0,0.0,0.0,0.0,0.0,61003135.38975101,61003135.38975101,1000000000.0,1.0,0.0,2026-07-23 04:25:10+00:00,1.0,0.0,2026-07-23 07:25:00+00:00,2026-09-09T12:33:20.000Z
415,Allora,ALLO,Allora,['https://coin-images.coingecko.com/coins/images/70609/large/allo-token.png?1763451165'],0.242585,60647658,408.0,191175949.0,4975972.0,0.253864,0.241202,-0.00387933322169684,-1.51498,-973144.7958226204,-1.57925,250030029.18121916,788154710.5963384,1000000000.0,1.6,-84.81834,2025-11-11 03:10:57+00:00,0.04768726,408.69944,2026-02-05 16:25:34+00:00,2026-09-09T12:33:20.000Z
416,Meme-Horse,MHORSE,MEME HORSE,['https://coin-images.coingecko.com/coins/images/102171984/large/1000322552.png?1770837497'],0.060541,60540844,409.0,60540844.0,99771.0,0.060556,0.060518,1.762e-05,0.03124,17620.72,0.02911,999999999.0,999999999.0,1000000000.0,0.120745,-49.86066,2026-06-18 11:33:30+00:00,0.01028842,488.4369,2026-02-11 20:39:52+00:00,2026-09-09T12:33:20.000Z
417,Cross-2,ONE,ONEchain,['https://coin-images.coingecko.com/coins/images/67058/large/ONE_logo_200x200.png?1787648216'],0.119303,60428559,410.0,117577396.0,4890163.0,0.117266,0.103949,0.00688363,6.48493,3596178.0,6.32769,506352421.1690672,985222890.0,1000000000.0,0.438189,-72.77368,2025-07-17 18:41:59+00:00,0.04660973,155.96074,2025-07-05 22:56:39+00:00,2026-09-09T12:33:20.000Z
418,Safecoin,SAFE,SAFEbit,['https://coin-images.coingecko.com/coins/images/67434/large/200x200_%281%29.png?1752777433'],0.084596,60270461,411.0,84595562.0,7770.67,0.097477,0.076361,-0.008894863715462609,-9.51561,-6337182.381773457,-9.5142,712454166.6666667,1000000000.0,1000000000.0,0.503782,-83.2079,2025-10-03 04:47:22+00:00,0.04176784,102.53756,2026-04-07 12:22:00+00:00,2026-09-09T12:33:20.000Z
419,Temple,TEMPLE,TempleDAO,['https://coin-images.coingecko.com/coins/images/20040/large/LPK15ZOW_400x400.jpg?1696519459'],2.52,59824953,412.0,59944192.0,52726.0,2.3,2.3,9.392e-05,0.04982,218969.0,0.14934,23722422.590706144,23769704.54225455,1000000000.0,4.11,-38.68457,2025-11-20 20:47:53+00:00,0.186329,1253.41384,2023-03-19 02:06:55+00:00,2026-09-09T12:33:20.000Z
420,Ecomi,OMI,ECOMI,['https://coin-images.coingecko.com/coins/images/4428/large/ECOMI.png?1696505023'],0.00021965,59503590,413.0,68272790.0,777016.0,0.00023074,0.00021867,-1.4252973395801e-05,-6.11925,-3874009.9477147236,-6.11259,270951644947.0,310882499574.018,750000000000.0,0.01343572,-98.36515,2021-03-19 09:20:53+00:00,3.37e-06,6416.09404,2019-11-04 02:52:42+00:00,2026-09-09T12:33:20.000Z
421,Qubic-Network,QUBIC,Qubic,['https://coin-images.coingecko.com/coins/images/32949/large/qubic_logo_new.png?1755496837'],4.16699e-07,59193774,414.0,73716170.0,875122.0,4.20235e-07,4.06498e-07,5.307e-09,1.3007,747798.0,1.27947,142068835788156.0,176923511873269.0,200000000000000.0,1.256e-05,-96.68276,2024-03-02 04:28:41+00:00,3.6533e-07,14.06106,2026-06-26 03:51:30+00:00,2026-09-09T12:33:20.000Z
422,Chainopera-Ai,COAI,ChainOpera AI,['https://coin-images.coingecko.com/coins/images/69447/large/coai.png?1758625501'],0.313834,59000397,415.0,313831738.0,1327789.0,0.32336,0.312616,-0.008428508316280114,-2.4467,-1584963.0898964927,-2.61608,188000098.0,1000000000.0,1000000000.0,43.81,-99.2837,2025-10-12 12:51:39+00:00,0.138148,127.17178,2025-09-26 07:57:34+00:00,2026-09-09T12:33:20.000Z
423,Noxo,NOXO,NOXO,['https://coin-images.coingecko.com/coins/images/102176562/large/20260828-171534.png?1788170562'],0.353616,58936079,416.0,58936079.0,880.23,0.355513,0.353593,0.00122682,0.35028,204470.0,0.34814,166666666.0,166666666.0,166666666.0,0.355513,-0.53355,2026-09-08 20:46:30+00:00,0.211823,66.93927,2026-09-01 02:41:30+00:00,2026-09-09T12:33:20.000Z
424,Bio-Protocol,BIO,Bio Protocol,['https://coin-images.coingecko.com/coins/images/53022/large/bio.jpg?1735011002'],0.0271962,58385438,417.0,90366912.0,11678368.0,0.02881475,0.02685167,-0.000248170384699691,-0.85869,-483541.03918202966,-0.82139,2145029070.25,3320000000.0,3320000000.0,0.888995,-96.94079,2025-01-03 05:16:10+00:00,0.01580293,72.09594,2026-03-29 22:49:00+00:00,2026-09-09T12:33:20.000Z
425,Vaneck-Treasury-Fund,VBILL,VanEck Treasury Fund,['https://coin-images.coingecko.com/coins/images/56023/large/vbill_200.png?1748092620'],1.0,57881259,418.0,57881259.0,6937077.0,1.0,1.0,0.0,0.0,22218.0,0.0384,57881258.969655,57881258.969655,1000000000.0,1.0,0.0,2025-05-28 17:55:13+00:00,1.0,0.0,2026-07-23 07:25:00+00:00,2026-09-09T12:33:20.000Z
426,Affine,SN120,affine,['https://coin-images.coingecko.com/coins/images/69755/large/affine-logo.jpeg?1759487699'],14.31,57582253,419.0,57582253.0,563385.0,14.21,12.31,0.973727,7.30014,4030852.0,7.52707,4023140.678237619,4023140.678237619,21000000.0,30.83,-53.57266,2025-10-14 11:46:12+00:00,0.138582,10228.04584,2026-04-03 09:59:00+00:00,2026-09-09T12:33:20.000Z
427,Score,SN44,Score,['https://coin-images.coingecko.com/coins/images/66325/large/score-logo.jpg?1749213803'],10.61,57515386,420.0,57515386.0,1325898.0,10.66,9.12,0.546374,5.42885,3044466.0,5.58916,5420250.992388407,5420250.992388407,21000000.0,14.86,-28.5829,2025-06-09 22:41:00+00:00,0.053336,19794.85821,2026-04-03 10:00:00+00:00,2026-09-09T12:33:20.000Z
428,Jpycoin,JPYC,JPY Coin,['https://coin-images.coingecko.com/coins/images/70314/large/JPYC_400x400.jpg?1761556080'],0.0064978,57216303,421.0,57216303.0,34189.0,0.00654109,0.00641819,2.347e-05,0.36283,206682.0,0.36254,8805482436.95474,8805482436.95474,1000000000.0,0.00675991,-3.87741,2026-09-03 17:48:50+00:00,0.00530387,22.51054,2026-06-26 05:29:30+00:00,2026-09-09T12:33:20.000Z
429,Tradable-Na-Legal-Receivables-Ssl,PC0000081,Tradable NA Legal Receivables SSL,['https://coin-images.coingecko.com/coins/images/66799/large/tradable.jpg?1750576475'],1.0,57132381,422.0,57132381.0,6937077.0,1.0,1.0,0.0,0.0,0.0,0.0,57132381.03,57132381.03,125000000.0,1.0,0.0,2025-07-15 12:45:11+00:00,0.999999,0.0001,2025-07-03 02:25:11+00:00,2026-09-09T12:33:20.000Z
430,Nervos-Network,CKB,Nervos Network,['https://coin-images.coingecko.com/coins/images/9566/large/Nervos_White.png?1696509646'],0.0011442,56607196,423.0,57569622.0,1435013.0,0.00114709,0.00110947,1.35e-06,0.0645,57667.0,0.10198,49487402864.02295,50329672311.69339,1000000000.0,0.04370633,-97.38208,2021-03-31 09:08:59+00:00,0.00079635,43.68074,2026-08-14 12:42:10+00:00,2026-09-09T12:33:20.000Z
431,Skyai,SKYAI,SkyAI,['https://coin-images.coingecko.com/coins/images/55294/large/1.png?1745517593'],0.05667,56570553,424.0,56570553.0,4573630.0,0.057733,0.054986,3.425e-05,0.11974,26061.0,0.04609,998384105.0942049,998384105.0942049,1000000000.0,0.855653,-93.37696,2026-05-06 05:10:00+00:00,0.01433298,295.38374,2025-10-10 17:55:44+00:00,2026-09-09T12:33:20.000Z
432,Sp500-Xstock,SPYX,SP500 xStock,['https://coin-images.coingecko.com/coins/images/66695/large/Ticker_SPX__Company_Name_SP500__size_200x200_2x.png?1750266819'],767.96,56429284,425.0,206617437.0,10784917.0,774.18,767.83,-5.283565362865261,-0.67965,527885.0,0.94431,73481.04319419284,269052.9396299591,1000000000.0,783.63,-2.00028,2026-08-13 14:35:30+00:00,614.77,24.91876,2025-07-02 15:29:47+00:00,2026-09-09T12:33:20.000Z
433,Ontology,ONT,Ontology,['https://coin-images.coingecko.com/coins/images/3447/large/ONT.png?1696504138'],0.056311,56312548,426.0,56312548.0,2471772.0,0.057488,0.055506,-4.4296729170924e-05,-0.35147,-42615.73758714646,-0.07562,1000000000.0,1000000000.0,1000000000.0,10.92,-99.48435,2018-05-02 17:43:05+00:00,0.03480475,61.79077,2026-08-14 10:02:50+00:00,2026-09-09T12:33:20.000Z
434,Zetachain,ZETA,ZetaChain,['https://coin-images.coingecko.com/coins/images/26718/large/Twitter_icon.png?1696525788'],0.0349948,56243369,427.0,73494058.0,13084808.0,0.03550072,0.03431649,9.392e-05,0.06531,154745.0,0.27589,1607083333.0,2100000000.0,2100000000.0,2.85,-98.77362,2024-02-15 12:45:12+00:00,0.02663576,31.38277,2026-08-14 10:00:10+00:00,2026-09-09T12:33:20.000Z
435,Io,IO,io.net,['https://coin-images.coingecko.com/coins/images/37754/large/io_blackbg.png?1715446363'],0.142491,56199101,428.0,113735357.0,12426023.0,0.143153,0.134018,0.00328095,2.35638,1302192.0,2.37207,394344740.5544221,798072190.5805594,800000000.0,6.43,-97.7825,2024-06-12 13:14:55+00:00,0.092979,53.25169,2026-02-05 16:30:32+00:00,2026-09-09T12:33:20.000Z
436,Oasis-Network,ROSE,Oasis,['https://coin-images.coingecko.com/coins/images/13162/large/200x200_%28Rounded%29.png?1743579893'],0.00697482,56094793,429.0,69771969.0,2064171.0,0.00706894,0.00680947,5.086e-05,0.76749,428650.0,0.77004,8039731946.0,10000000000.0,10000000000.0,0.597347,-98.83237,2022-01-14 19:31:11+00:00,0.00501758,39.00768,2026-07-28 01:08:40+00:00,2026-09-09T12:33:20.000Z
437,Jelly-My-Jelly,JELLYJELLY,Jelly-My-Jelly,['https://coin-images.coingecko.com/coins/images/54087/large/jellyjelly-logo.webp?1738218050'],0.056078,56080446,430.0,56080446.0,4734302.0,0.057418,0.055564,0.00035926,0.72047,361551.0,0.64888,999999099.34,999999099.34,1000000000.0,0.473157,-88.14806,2025-11-04 13:30:40+00:00,0.00372817,1404.17439,2025-03-10 14:26:21+00:00,2026-09-09T12:33:20.000Z
438,Axelar,AXL,Axelar,['https://coin-images.coingecko.com/coins/images/27277/large/V-65_xQ1_400x400.jpeg?1696526329'],0.04524192,56032528,431.0,56878889.0,3018660.0,0.04543201,0.04391477,-1.5319482650607e-05,0.16027,169297.0,0.30306,1234903574.9875689,1253557488.822621,1000000000.0,2.64,-98.28883,2024-03-01 01:20:05+00:00,0.03438952,31.55728,2026-08-19 05:58:40+00:00,2026-09-09T12:33:20.000Z
439,Zilliqa,ZIL,Zilliqa,['https://coin-images.coingecko.com/coins/images/2687/large/Zilliqa-logo.png?1696503475'],0.00285676,55747942,432.0,58779021.0,14804983.0,0.00316859,0.00283628,-3.6027578276782e-05,-1.30011,-700538.256633684,-1.24102,19513551525.0,20574556179.26964,21000000000.0,0.255376,-98.88135,2021-05-06 09:33:45+00:00,0.0021856,30.70796,2026-08-18 03:33:50+00:00,2026-09-09T12:33:20.000Z
440,Coti,COTI,COTI,['https://coin-images.coingecko.com/coins/images/2962/large/Coti.png?1696503705'],0.01867171,55595166,433.0,55595838.0,37049495.0,0.01846198,0.01706395,0.00074301,4.30522,2175516.0,4.0725,2979560602.83,2979596663.294341,4910000000.0,0.668634,-97.20748,2021-09-29 03:39:21+00:00,0.00556342,235.61592,2019-11-07 02:29:26+00:00,2026-09-09T12:33:20.000Z
441,Venus,XVS,Venus,['https://coin-images.coingecko.com/coins/images/12677/large/XVS_Token.jpg?1727454303'],3.26,55030931,434.0,97063993.0,1118490.0,3.34,3.24,-0.0454186211844152,-1.33815,-765495.1518181637,-1.37194,16864142.39075087,29745107.91704284,30000000.0,146.82,-97.77746,2021-05-09 19:04:27+00:00,1.65,97.3167,2020-10-05 21:02:54+00:00,2026-09-09T12:33:20.000Z
442,Standx-Dusd,DUSD,StandX DUSD,['https://coin-images.coingecko.com/coins/images/55984/large/output-onlinepngtools.png?1747932126'],0.998716,54919042,435.0,54919042.0,36335.0,0.999076,0.998481,0.00017332,0.01914,5391.31,0.00982,54989427.447835,54989427.447835,1000000000.0,1.039,-3.91587,2025-11-20 23:46:31+00:00,0.880149,13.47126,2026-07-14 15:22:10+00:00,2026-09-09T12:33:20.000Z
443,Enjincoin,ENJ,Enjin Coin,['https://coin-images.coingecko.com/coins/images/1102/large/Symbol_Only_-_Purple.png?1709725966'],0.02744527,54845464,436.0,55451636.0,2980995.0,0.02777148,0.0268225,-1.8614346409113e-05,-0.0983,-43399.404549621046,-0.07907,1998851885.767418,2020943909.121787,1000000000.0,4.82,-99.43052,2021-11-25 01:53:41+00:00,0.01740499,57.68623,2026-03-07 22:25:21+00:00,2026-09-09T12:33:20.000Z
444,Based-Brett,BRETT,Brett,['https://coin-images.coingecko.com/coins/images/35529/large/1000050750.png?1709031995'],0.00551427,54659297,437.0,54659297.0,3532738.0,0.00554542,0.00523269,0.00014137,2.6589,1415902.0,2.6593,9909603458.96731,9909603458.96731,9999998988.0,0.234204,-97.64552,2024-12-01 08:31:18+00:00,0.00084753,550.63111,2024-02-29 00:40:24+00:00,2026-09-09T12:33:20.000Z
445,Fonq,FONQ,FONQ,['https://coin-images.coingecko.com/coins/images/102173670/large/IMG_6664.png?1780833027'],0.077792,54454079,438.0,54454079.0,68522.0,0.078269,0.075862,0.00097776,1.16786,684429.0,1.27289,700000000.0,700000000.0,700000000.0,0.08965,-13.2272,2026-07-30 23:35:30+00:00,0.04096578,89.89395,2026-08-03 07:09:30+00:00,2026-09-09T12:33:20.000Z
446,Flying-Tulip,FT,Flying Tulip,['https://coin-images.coingecko.com/coins/images/68285/large/FlyingTulip_FT_200px.png?1759802398'],0.102416,53864458,439.0,86910348.0,321367.0,0.107527,0.101655,-0.000268284774123079,-0.26098,-142011.13009194285,-0.26295,525938084.2171733,848601541.1372782,10000000000.0,0.111021,-7.7512,2026-06-10 00:00:00+00:00,0.067001,52.8566,2026-04-22 09:37:00+00:00,2026-09-09T12:33:20.000Z
447,Quantum-Resistant-Ledger,QRL,Quantum Resistant Ledger,['https://coin-images.coingecko.com/coins/images/700/large/qrl-logo.png?1763796842'],0.684437,53655022,440.0,53655022.0,28190.0,0.751889,0.671419,-0.014987180714102766,-2.1425,-1174889.7557864264,-2.14279,78392960.0,78392960.0,105000000.0,3.87,-82.29637,2018-01-08 16:00:00+00:00,0.04116971,1562.47667,2023-12-01 04:26:13+00:00,2026-09-09T12:33:20.000Z
448,Astar,ASTR,Astar,['https://coin-images.coingecko.com/coins/images/22617/large/astr.png?1696521933'],0.00609282,53369920,441.0,53374637.0,2195430.0,0.00643888,0.00603391,-0.000181217029314709,-2.8763,-1599232.9514438286,-2.90933,8761670706.0,8762448333.0,10000000000.0,0.421574,-98.55474,2022-01-17 05:34:36+00:00,0.00438437,38.96696,2026-08-18 02:58:20+00:00,2026-09-09T12:33:20.000Z
449,Nusd-2,NUSD,Neutrl USD,['https://coin-images.coingecko.com/coins/images/70027/large/NUSD-200x200.png?1760452629'],0.998253,53296810,400.0,53296810.0,10315.61,0.339911,0.312616,9.392e-05,0.04982,218969.0,0.14934,53390061.78502091,53390061.78502091,1000000000.0,1.031,-3.20218,2026-01-31 10:47:49+00:00,0.975411,2.34179,2025-11-20 08:41:47+00:00,2026-08-14T09:50:40.000Z
450,Creditcoin-2,CTC,Creditcoin,['https://coin-images.coingecko.com/coins/images/10569/large/Creditcoin_Symbol_dark56.png?1737796066'],0.096935,53272076,442.0,58161070.0,569658.0,0.100869,0.095085,-0.002549497689067259,-2.53261,-1401115.9113759026,-2.56271,549564264.0,599999997.0,1000000000.0,8.67,-98.88135,2021-03-13 19:54:22+00:00,0.063737,52.08636,2026-08-19 00:47:20+00:00,2026-09-09T12:33:20.000Z
451,Ald,ALD,ALD,['https://coin-images.coingecko.com/coins/images/102174845/large/175553.jpg?1785084640'],0.053269,53206649,443.0,53206649.0,518131.0,0.053865,0.053035,-0.000171466776052585,-0.54742,-233891.81321705133,-0.43767,1000000000.0,1000000000.0,1000000000.0,0.064563,-17.49282,2026-08-27 16:57:10+00:00,0.03007515,77.11988,2026-07-29 14:39:50+00:00,2026-09-09T12:33:20.000Z
452,Brz,BRZ,Brazilian Digital,['https://coin-images.coingecko.com/coins/images/8472/large/MicrosoftTeams-image_%286%29.png?1696508657'],0.19478,52972217,444.0,52972217.0,22350.0,0.195457,0.193585,0.00203029,1.05362,543024.0,1.03573,271958898.5835775,271960828.6735775,1000000000.0,9.99,-98.04936,2023-10-29 15:35:00+00:00,0.00196567,9809.08213,2026-03-06 23:20:14+00:00,2026-09-09T12:33:20.000Z
453,Babylon,BABY,Babylon,['https://coin-images.coingecko.com/coins/images/55092/large/Baby-Symbol-Mint_%281%29.png?1744788866'],0.01142685,52475316,445.0,125244156.0,7397023.0,0.01147303,0.01093876,0.00021908,1.91837,1003038.0,1.94869,4594169001.98,10964965265.0,1000000000.0,0.166134,-93.1219,2025-04-12 00:11:41+00:00,0.00950914,20.167,2026-08-16 06:12:30+00:00,2026-09-09T12:33:20.000Z
454,Pentagon-Chain,PC,Pentagon Chain,['https://coin-images.coingecko.com/coins/images/66638/large/pentagon-chain-token-fcp.png?1750094674'],53.22,52326000,446.0,53216021.0,3880.81,53.33,50.77,2.16,4.22271,2119856.0,4.2223,983275.3215980448,1000000.0,1000000000.0,58.59,-9.16952,2026-05-18 22:15:00+00:00,11.68,355.62935,2025-06-16 14:54:20+00:00,2026-09-09T12:33:20.000Z
455,Ozapay,OZA,Ozapay,['https://coin-images.coingecko.com/coins/images/69784/large/OZAPAY_TOKEN.png?1759652625'],0.057437,52243930,447.0,57258171.0,393.13,0.058069,0.056295,0.00042163,0.82644,383506.0,0.7395,909588287.04,996888287.04,996889071.62,0.059345,-3.21466,2026-08-27 08:51:30+00:00,0.01207693,375.59172,2026-05-18 07:13:00+00:00,2026-09-09T12:33:20.000Z
456,4Stock,4STOCK,4Stock,['https://coin-images.coingecko.com/coins/images/102176822/large/4stock.webp?1788856122'],0.051585,52040172,448.0,52040172.0,118078878.0,0.060277,0.0298566,0.01820828,55.51167,218969.0,0.14934,1000000000.0,1000000000.0,1000000000.0,0.060662,-14.96418,2026-09-08 09:10:20+00:00,0.02651137,94.57586,2026-09-08 12:19:20+00:00,2026-09-09T12:33:20.000Z
457,Memetoon,MEME,MEMETOON,['https://coin-images.coingecko.com/coins/images/31632/large/meme.8af7ca91.png?1696530448'],0.00051674,51673755,430.0,51673755.0,378082.0,0.339911,0.312616,9.392e-05,0.04982,218969.0,0.14934,100000000000.0,100000000000.0,100000000000.0,0.02211441,-97.66334,2023-09-13 19:00:18+00:00,1.00191e-07,515654.84824,2025-06-15 23:23:39+00:00,2026-09-02T15:18:10.000Z
458,Lab,LAB,LAB,['https://coin-images.coingecko.com/coins/images/70014/large/lab.png?1760352822'],0.066497,51617350,449.0,66556412.0,7908475.0,0.070854,0.065459,-0.003566820191832965,-4.83351,-2720383.351734169,-5.00644,775542856.0,1000000000.0,1000000000.0,27.48,-99.75797,2026-06-02 21:04:30+00:00,0.061188,8.67662,2026-08-22 05:12:40+00:00,2026-09-09T12:33:20.000Z
459,Blur,BLUR,Blur,['https://coin-images.coingecko.com/coins/images/28453/large/blur.png?1696527448'],0.01787284,51570242,450.0,53641784.0,6890818.0,0.0179527,0.0171655,0.00040686,2.39606,1208224.0,2.39908,2884145758.8470316,3000000000.0,3000000000.0,5.02,-99.6437,2023-02-14 09:33:55+00:00,0.01276741,39.98791,2026-08-18 03:33:20+00:00,2026-09-09T12:33:20.000Z
460,Strategy-Tokenized-Bstocks,MSTRB,Strategy (bStocks Tokenized Stock),['https://coin-images.coingecko.com/coins/images/102176875/large/mstrb.png?1788940298'],140.39,51329280,451.0,51329280.0,4718073.0,141.56,138.35,9.392e-05,0.04982,218969.0,0.14934,365333.003289,365333.003289,1000000000.0,141.56,-0.82284,2026-09-09 08:58:40+00:00,138.35,1.47281,2026-09-09 11:03:00+00:00,2026-09-09T12:33:20.000Z
461,Anemoy-Tokenized-Apollo-Diversified-Credit-Fund,ACRDX,Anemoy Tokenized Apollo Diversified Credit Fund,['https://coin-images.coingecko.com/coins/images/70454/large/acdrx.png?1762081579'],1.025,51288843,452.0,51288843.0,6937077.0,1.025,1.024,0.001148,0.11207,57416.0,0.11207,50014229.92,50014229.92,1000000000.0,1.025,0.0,2026-09-08 20:20:10+00:00,1.015,1.02833,2026-03-13 10:00:07+00:00,2026-09-09T12:33:20.000Z
462,Holoworld,HOLO,Holoworld,['https://coin-images.coingecko.com/coins/images/68845/large/holo.png?1756787241'],0.067279,51275013,453.0,137649993.0,23295403.0,0.068256,0.063447,0.00160687,2.34368,1174525.0,2.34434,762885817.999999,2048000000.0,2048000000.0,0.775714,-91.3268,2025-09-11 04:11:26+00:00,0.050023,34.49742,2026-02-05 16:25:39+00:00,2026-09-09T12:33:20.000Z
463,Tellor,TRB,Tellor Tributes,['https://coin-images.coingecko.com/coins/images/9644/large/TRB-New_Logo.png?1737722143'],18.18,51182779,454.0,52600635.0,7838751.0,18.58,17.98,-0.2611695268367278,-1.39707,-728591.1121888384,-1.40353,2815121.0499873683,2893104.990749182,1000000000.0,593.09,-96.93468,2023-12-31 14:15:07+00:00,0.01001379,181449.42362,2019-11-01 02:00:10+00:00,2026-09-09T12:33:20.000Z
464,Ravencoin,RVN,Ravencoin,['https://coin-images.coingecko.com/coins/images/3412/large/ravencoin.png?1696504108'],0.00310081,50998425,455.0,50998530.0,1061860.0,0.00313442,0.00300324,4.286e-05,1.40031,708292.0,1.40841,16447386535.91267,16447455285.91267,21000000000.0,0.285218,-98.91283,2021-02-20 03:19:07+00:00,0.00258009,20.18247,2026-08-12 23:07:40+00:00,2026-09-09T12:33:20.000Z
465,Popcat,POPCAT,Popcat,['https://coin-images.coingecko.com/coins/images/33760/large/image.jpg?1702964227'],0.052012,50954468,456.0,50954468.0,11245664.0,0.053265,0.050049,0.00112978,2.10531,1091132.0,2.18825,979978669.96,979978669.96,979978694.0,2.05,-97.46868,2024-11-17 07:50:59+00:00,0.00379728,1269.71414,2024-01-05 07:34:24+00:00,2026-09-09T12:33:20.000Z
466,Toshi,TOSHI,Toshi,['https://coin-images.coingecko.com/coins/images/31126/large/Toshi_Logo_-_Circular.png?1721677476'],0.00012088,50844193,457.0,50844193.0,3879584.0,0.00012568,0.00011871,-2.546119972292e-06,-2.0951,-1081057.8820164874,-2.08195,420690000000.0,420690000000.0,420690000000.0,0.00226012,-94.65149,2025-01-26 07:05:39+00:00,1.8963e-08,637349.93443,2023-10-09 08:05:26+00:00,2026-09-09T12:33:20.000Z
467,Space-Id,ID,SPACE ID,['https://coin-images.coingecko.com/coins/images/29468/large/sid_token_logo_%28green2%29.png?1696528413'],0.03430709,50686909,458.0,68440163.0,4620698.0,0.03473166,0.03299753,0.00062075,1.77603,919277.0,1.84714,1477383439.516638,1994841761.516638,2000000000.0,1.84,-98.13164,2024-03-17 02:31:23+00:00,0.02303165,48.95627,2026-06-06 05:03:30+00:00,2026-09-09T12:33:20.000Z
468,Peanut-The-Squirrel,PNUT,Peanut the Squirrel,['https://coin-images.coingecko.com/coins/images/51301/large/Peanut_the_Squirrel.png?1734941241'],0.05068,50661008,459.0,50661008.0,7180922.0,0.051229,0.04921555,0.0004352,0.84502,424121.0,0.84424,999841633.334973,999841633.329242,1000000000.0,2.44,-97.92013,2024-11-13 17:20:47+00:00,0.03187374,59.00251,2024-11-04 13:41:11+00:00,2026-09-09T12:33:20.000Z
469,Na-Capital-As-A-Service-Sstn,PC0016245,NA Capital-as-a-Service SSTN,['https://coin-images.coingecko.com/coins/images/66593/large/tradable.jpg?1749883324'],1.0,50600000,460.0,50600000.0,6937077.0,1.0,1.0,0.0,0.0,0.0,0.0,50600000.0,50600000.0,100000000.0,1.0,0.0,2025-07-03 02:25:10+00:00,1.0,0.0,2026-07-23 07:25:00+00:00,2026-09-09T12:33:20.000Z
470,Troll-2,TROLL,TROLL,['https://coin-images.coingecko.com/coins/images/55282/large/Untitled_design.png?1777015928'],0.050728,50545189,461.0,50545189.0,4398696.0,0.058503,0.04845242,0.00123613,2.25229,1114544.0,2.25476,998765917.725677,998765917.56303,1000000000.0,0.282604,-82.04989,2025-08-22 13:48:29+00:00,0.00387003,1210.78203,2025-04-21 19:50:51+00:00,2026-09-09T12:33:20.000Z
471,Keeta,KTA,Keeta,['https://coin-images.coingecko.com/coins/images/54723/large/2025-03-05_22.53.06.jpg?1741234207'],0.084223,50456150,462.0,84222608.0,1983031.0,0.09102,0.076736,0.0063638,8.24001,3812431.0,8.17351,599080827.9911076,1000000000.0,1000000000.0,1.68,-94.99193,2025-06-09 00:25:28+00:00,0.0068199,1134.95374,2025-03-08 07:56:27+00:00,2026-09-09T12:33:20.000Z
472,Acurast,ACU,Acurast,['https://coin-images.coingecko.com/coins/images/34367/large/Acurast-symbol-dark-bg.png?1728418440'],0.134077,50351341,463.0,137892344.0,4024164.0,0.155351,0.133747,-0.018337244043557077,-12.03954,-6722780.409018196,-11.77903,375490831.0,1028320392.0,1000000000.0,0.315928,-57.56082,2026-01-23 18:02:00+00:00,0.065109,105.9287,2026-06-06 04:42:15+00:00,2026-09-09T12:33:20.000Z
473,Blackrock-Daily-Reinvestment-Stablecoin-Reserve-Vehicle,BRSRV,BlackRock Daily Reinvestment Stablecoin Reserve Vehicle,['https://coin-images.coingecko.com/coins/images/102175222/large/brsrv_logo.png?1785776164'],1.0,50173835,464.0,50173835.0,6937077.0,1.0,1.0,0.0,0.0,19521.08,0.03892,50173834.53,50173834.53,1000000000.0,1.0,0.0,2026-08-10 17:15:00+00:00,1.0,0.0,2026-08-10 17:30:00+00:00,2026-09-09T12:33:20.000Z
474,Alloy-Tether,AUSDT,Alloy Tether,['https://coin-images.coingecko.com/coins/images/38747/large/ausdt.png?1718681185'],0.999679,50100088,462.0,50100088.0,3.5,0.999812,0.999628,9.392e-05,0.04982,218969.0,0.14934,50116193.47,50116193.47,1000000000.0,1.08,-7.43855,2026-08-29 13:32:40+00:00,0.050042,1897.66516,2026-08-11 07:43:10+00:00,2026-09-09T11:48:00.000Z
475,Fidelity-Digital-Dollar,FIDD,Fidelity Digital Dollar,['https://coin-images.coingecko.com/coins/images/102171776/large/FIDD-Green_%28792px%29.png?1769612802'],0.999646,50072657,465.0,50072657.0,48204249.0,1.0,0.999204,0.00014555,0.025,606991.0,1.22709,50090409.15,50090409.15,1000000000.0,1.011,-1.12358,2026-02-04 07:14:08+00:00,0.994161,0.55165,2026-02-04 07:05:21+00:00,2026-09-09T12:33:20.000Z
476,Usdkg,USDKG,USDKG,['https://coin-images.coingecko.com/coins/images/71116/large/USDKG_400x400.jpg?1765871330'],0.999402,49970125,462.0,49970125.0,4372.5,0.99956,0.999239,3.969e-05,0.00427,1984.64,0.00397,50000000.0,50000000.0,1000000000.0,1.021,-2.12327,2026-01-23 01:26:20+00:00,0.992226,0.72331,2026-02-24 04:02:01+00:00,2026-09-09T11:11:10.000Z
477,Precious-Metals-Usd,PMUSD,Precious Metals USD,['https://coin-images.coingecko.com/coins/images/71149/large/pmUSD.png?1766015276'],0.526588,49499862,466.0,49499862.0,4276.91,0.526767,0.522271,0.00232943,0.44462,218969.0,0.44433,94001203.62222221,94001203.62222221,1000000000.0,1.08,-51.22441,2026-04-12 03:19:00+00:00,0.113327,364.66202,2026-05-04 16:36:00+00:00,2026-09-09T12:33:20.000Z
478,Polymesh,POLYX,Polymesh,['https://coin-images.coingecko.com/coins/images/23496/large/Polymesh-symbol.png?1696522706'],0.03758817,49488531,467.0,49488531.0,988037.0,0.03838879,0.03608824,0.00061253,1.65277,819139.0,1.68307,1316598676.225082,1316598676.225082,1000000000.0,0.748771,-94.98002,2024-03-31 13:30:42+00:00,0.02756208,36.37637,2026-08-18 03:36:20+00:00,2026-09-09T12:33:20.000Z
479,Magma-Finance,MAGMA,Magma Finance,['https://coin-images.coingecko.com/coins/images/71100/large/magma.png?1765796989'],0.259903,49465091,468.0,260342586.0,4870878.0,0.27248,0.234012,0.02100477,8.79623,4074425.0,8.97635,190000000.0,1000000000.0,1000000000.0,0.808239,-67.84329,2026-07-04 00:03:20+00:00,0.069712,272.8257,2026-04-02 19:49:00+00:00,2026-09-09T12:33:20.000Z
480,Allunity-Chf,CHFAU,AllUnity CHF,['https://coin-images.coingecko.com/coins/images/102172300/large/CHFAU_red.png?1782278502'],1.24,49262146,469.0,49262146.0,9550.43,1.24,1.23,0.00429048,0.34826,170820.0,0.34796,39813863.921656,39813863.921656,1000000000.0,1.25,-1.28839,2026-08-20 14:49:00+00:00,1.23,0.89219,2026-08-13 20:55:30+00:00,2026-09-09T12:33:20.000Z
481,Threshold-Network-Token,T,Threshold Network,['https://coin-images.coingecko.com/coins/images/22228/large/nFPNiSbL_400x400.jpg?1696521570'],0.00439504,49153324,470.0,49153324.0,4680698.0,0.00446688,0.00426101,-3.0932173224246e-05,-0.48775,-218378.27166550606,-0.44231,11155000000.0,11155000000.0,1000000000.0,0.226934,-98.06329,2022-03-02 00:36:02+00:00,0.00315491,39.30773,2026-06-25 13:59:50+00:00,2026-09-09T12:33:20.000Z
482,Aelf,ELF,aelf,['https://coin-images.coingecko.com/coins/images/1371/large/aelf-logo.png?1696502429'],0.059447,49127739,471.0,59447061.0,307126.0,0.066998,0.04506801,0.00891705,17.82344,7369151.0,17.64703,826411563.1596338,999999995.5004437,1000000000.0,2.6,-97.71719,2018-01-08 16:00:00+00:00,0.03545756,67.65693,2020-03-12 18:22:35+00:00,2026-09-09T12:33:20.000Z
483,Xyo-Network,XYO,XYO Network,['https://coin-images.coingecko.com/coins/images/4519/large/XYO_Network-logo.png?1696505103'],0.00351928,49027488,472.0,49027488.0,1696460.0,0.0035995,0.00347486,-6.7059829030587e-05,-1.77929,-932967.9291985631,-1.86741,13930752875.47967,13930752875.47967,1000000000.0,0.081391,-95.67606,2021-11-05 20:44:55+00:00,9.672e-05,3538.5635,2020-03-12 18:24:24+00:00,2026-09-09T12:33:20.000Z
484,Bim-2,BIM,BIM,['https://coin-images.coingecko.com/coins/images/54860/large/bim-fi.jpg?1742179842'],1.63,49002361,473.0,49002361.0,237686.0,1.65,1.6,0.0138452,0.85517,415356.0,0.85487,30000000.0,30000000.0,30000000.0,3.07,-46.8085,2025-08-24 11:22:19+00:00,0.861976,89.49634,2025-04-08 17:31:48+00:00,2026-09-09T12:33:20.000Z
485,Verge,XVG,Verge,['https://coin-images.coingecko.com/coins/images/203/large/Verge_Coin_%28native%29_icon_200x200.jpg?1699220755'],0.00296469,48982584,474.0,49080564.0,2763456.0,0.00304185,0.00286082,6.643e-05,2.48989,1097815.0,2.29262,16521951234.841335,16555000000.0,1000000000.0,0.261874,-98.8679,2017-12-23 16:00:00+00:00,2.23e-06,132572.63027,2015-02-05 16:00:00+00:00,2026-09-09T12:33:20.000Z
486,Gekko,GEKKO,GEKKO,['https://coin-images.coingecko.com/coins/images/32439/large/gekko_%281%29.png?1698228341'],8.17056e-07,48898573,475.0,162995242.0,45771.0,8.27373e-07,7.85869e-07,-6.772919564e-09,-1.07425,-531135.4050741643,-1.07453,60000000000000.0,200000000000000.0,200000000000000.0,1.37e-05,-94.03709,2024-03-06 13:14:42+00:00,5.49016e-07,48.82172,2026-06-09 09:47:50+00:00,2026-09-09T12:33:20.000Z
487,Pirate-Chain,ARRR,Pirate Chain,['https://coin-images.coingecko.com/coins/images/6905/large/Pirate_Chain.png?1696507223'],0.248523,48763671,476.0,49704629.0,466760.0,0.264426,0.236216,-0.015952817916705164,-6.01972,-3130174.5823430717,-6.03188,196213797.97055,200000000.0,1000000000.0,16.76,-98.51722,2021-04-23 10:13:27+00:00,0.00797788,3015.15301,2020-11-25 18:10:52+00:00,2026-09-09T12:33:20.000Z
488,Flow,FLOW,Flow,['https://coin-images.coingecko.com/coins/images/13446/large/5f6294c0c7a8cda55cb1c936_Flow_Wordmark.png?1696513210'],0.02882521,48623187,477.0,48623187.0,4333557.0,0.02998369,0.02831759,0.00011323,0.40038,186369.0,0.38477,1686989901.3428068,1686989901.342806,1000000000.0,42.4,-99.93201,2021-04-05 05:49:10+00:00,0.02368276,21.71391,2026-07-28 01:09:20+00:00,2026-09-09T12:33:20.000Z
489,Basecat,BASECAT,Basecat,['https://coin-images.coingecko.com/coins/images/102175780/large/zi54rndmdx59nblfgry3d1pyckch.?1787558766'],0.04869344,48572598,478.0,48572598.0,15053697.0,0.04725084,0.03654347,0.00467094,10.31537,4550103.0,10.33586,1000000000.0,1000000000.0,1000000000.0,0.079066,-38.41416,2026-09-06 03:21:30+00:00,0.01689713,188.17574,2026-08-29 18:03:30+00:00,2026-09-09T12:33:20.000Z
490,Sygnum-Fiusd-Liquidity-Fund,FIUSD,Sygnum FIUSD Liquidity Fund,['https://coin-images.coingecko.com/coins/images/50749/large/FIUDS_200x200px_%281%29.png?1728956878'],12016.46,48037721,479.0,48037721.0,6937077.0,12016.46,12015.23,1.23,0.01024,4917.12,0.01024,3997.66,3997.66,1000000000.0,12016.46,0.0,2026-09-08 22:55:10+00:00,11251.76,6.79627,2025-01-21 00:25:04+00:00,2026-09-09T12:33:20.000Z
491,Megaeth,MEGA,MegaETH,['https://coin-images.coingecko.com/coins/images/69995/large/9fcb2fa4-b240-46e2-9016-c4f6101a139d.jpeg?1778485816'],0.04249781,48012773,480.0,424969724.0,15493187.0,0.04463039,0.04062373,0.00148821,3.55845,1680421.0,3.62688,1129792788.0,10000000000.0,10000000000.0,0.217716,-80.48012,2026-04-30 11:10:00+00:00,0.03013751,41.01301,2026-08-14 19:32:40+00:00,2026-09-09T12:33:20.000Z
492,Celo,CELO,Celo,['https://coin-images.coingecko.com/coins/images/11090/large/InjXBNx9_400x400.jpg?1696511031'],0.079085,47994174,481.0,79084816.0,15957024.0,0.083207,0.076262,0.00120796,1.56397,732966.0,1.55088,606869634.0,1000000000.0,1000000000.0,9.82,-99.19476,2021-08-30 06:25:09+00:00,0.055659,42.08835,2026-06-30 20:44:20+00:00,2026-09-09T12:33:20.000Z
493,Loaded-Lions,LION,Loaded Lions,['https://coin-images.coingecko.com/coins/images/54686/large/_LION_Token_Artwork.png?1741015702'],0.00156173,47913905,482.0,156173097.0,159089.0,0.0016231,0.00152511,-8.594344956062e-06,-0.51678,-263618.2774857208,-0.54718,30679999000.0,100000000000.0,100000000000.0,0.03159196,-95.05656,2025-08-27 18:22:49+00:00,0.00119567,30.61571,2026-08-08 08:00:40+00:00,2026-09-09T12:33:20.000Z
494,Hydradx,HDX,Hydration,['https://coin-images.coingecko.com/coins/images/13929/large/avatar-circle-pink.png?1717638991'],0.00806892,47744933,483.0,51816980.0,40146.0,0.00819161,0.00779426,0.00013445,1.65145,787370.0,1.67677,5918174822.0,6422921278.131422,6500000000.0,0.054409,-85.16993,2026-04-07 06:24:00+00:00,0.00135872,493.86132,2026-05-29 23:36:00+00:00,2026-09-09T12:33:20.000Z
495,Dusk-Network,DUSK,DUSK,['https://coin-images.coingecko.com/coins/images/5217/large/image_widget_biddfvxd454b1.png?1696505726'],0.079104,47735983,484.0,47736809.0,2622428.0,0.07937,0.076197,0.00109504,1.51435,705117.0,1.49926,603045622.1524607,603066809.2212075,1000000000.0,1.09,-92.74215,2021-12-29 13:34:22+00:00,0.01113274,610.55397,2020-03-12 18:24:16+00:00,2026-09-09T12:33:20.000Z
496,Casper-Network,CSPR,Casper Network,['https://coin-images.coingecko.com/coins/images/15279/large/Casper_Monogram_Favicon_White_on_Red_Circle_RGB_200px.png?1749832573'],0.0028435,47682224,485.0,56611027.0,1710432.0,0.00297524,0.00282349,-9.32101964573e-07,-0.57858,-18896.212946914136,-0.03961,16773221474.0,19914114893.0,1000000000.0,1.33,-99.78547,2021-05-11 16:00:00+00:00,0.00146007,94.75034,2026-07-21 11:41:00+00:00,2026-09-09T12:33:20.000Z
497,Mantis,M,Mantis,['https://coin-images.coingecko.com/coins/images/54291/large/mantis-symbol.png?1739083455'],0.47447,47447004,429.0,47447004.0,4702.18,0.339911,0.312616,9.392e-05,0.04982,218969.0,0.14934,100000000.0,100000000.0,100000000.0,4.84,-90.18883,2026-04-24 05:15:00+00:00,0.00133677,35393.84715,2026-01-21 09:31:11+00:00,2026-08-15T22:22:10.000Z
498,Jupusd,JUPUSD,JupUSD,['https://coin-images.coingecko.com/coins/images/70636/large/icon.png?1767003505'],0.999673,47215259,486.0,47215259.0,16907974.0,0.999802,0.999461,2.207e-05,0.0025,1031.48,0.00218,47230695.065564,47230695.065564,1000000000.0,1.023,-2.32229,2026-04-26 05:01:00+00:00,0.124871,700.56252,2026-07-09 09:10:50+00:00,2026-09-09T12:33:20.000Z
499,Ethgas-2,GWEI,ETHGas,['https://coin-images.coingecko.com/coins/images/71375/large/ethgas_token_200.png?1769055039'],0.02384616,47208625,487.0,238427398.0,7438561.0,0.02407438,0.02209489,0.00146389,6.07407,2891723.0,6.5251,1980000000.0,10000000000.0,10000000000.0,0.246648,-90.33189,2026-06-29 13:15:30+00:00,0.01446783,64.82196,2026-07-31 00:05:30+00:00,2026-09-09T12:33:20.000Z
